pm10,pm25,so2,co,o3,no2,categori
59,79,21,26,15,31,2
30,46,21,14,16,24,3
23,33,19,11,14,19,3
36,53,23,14,12,24,2
29,36,20,14,12,21,3
27,34,21,8,21,15,3
25,23,19,7,19,12,3
24,26,19,10,18,17,3
33,40,22,12,14,22,3
32,38,21,10,12,16,3
26,37,23,13,9,17,3
41,52,26,16,10,16,2
25,37,20,9,19,16,3
33,47,18,11,19,19,3
34,47,20,13,17,25,3
26,28,18,11,18,26,3
39,57,23,23,12,33,2
43,59,29,13,12,29,2
29,41,19,20,12,23,3
30,38,18,11,18,20,3
31,45,18,10,16,17,3
51,67,20,18,11,23,2
50,64,22,11,20,23,2
30,42,22,10,9,16,3
31,48,26,12,14,17,3
29,38,18,13,18,20,3
49,67,23,15,17,31,2
43,60,19,12,19,18,2
64,87,38,16,46,25,2
30,42,38,4,55,15,2
24,35,38,4,42,15,3
33,50,39,7,47,15,3
25,35,39,5,45,13,3
33,50,39,6,47,16,3
34,46,39,4,49,10,3
33,49,43,6,35,11,3
43,62,43,14,33,11,2
27,47,38,8,40,11,3
34,53,40,11,42,14,2
36,52,39,13,37,17,2
28,41,38,11,42,15,3
41,61,40,25,41,27,2
40,55,44,10,41,16,2
32,51,42,16,41,20,2
31,34,38,8,53,9,2
36,40,39,9,48,9,3
60,69,42,15,41,19,2
48,61,40,9,54,17,2
30,39,40,10,33,10,3
30,45,43,12,45,12,3
59,71,44,15,50,20,2
66,76,40,14,60,18,2
73,110,28,18,26,18,1
53,70,25,10,27,14,2
32,53,27,6,24,9,2
29,54,26,11,24,13,2
27,51,24,10,24,12,2
34,53,24,8,32,12,2
33,50,24,9,30,13,3
26,42,24,9,35,12,3
33,53,25,9,23,12,2
50,64,24,11,23,10,2
38,57,23,6,18,7,2
63,98,25,13,20,8,2
59,89,26,12,30,13,2
55,73,25,11,35,13,2
40,62,24,9,32,12,2
36,51,24,9,34,15,2
46,67,26,15,28,18,2
53,70,28,8,26,12,2
28,51,25,13,23,14,2
45,59,25,13,29,15,2
29,42,24,7,30,9,3
68,103,26,22,30,14,1
66,90,26,12,29,16,2
27,54,25,6,24,7,2
41,61,25,10,40,16,2
50,73,27,10,41,16,2
64,94,25,13,27,15,2
37,59,40,14,22,12,2
38,53,29,6,31,13,2
27,46,27,7,47,7,3
44,58,25,7,40,13,2
30,48,24,4,32,7,3
38,53,24,6,31,9,2
41,58,23,13,46,13,2
35,47,22,6,39,10,3
37,54,26,16,17,10,2
47,61,16,27,22,12,2
23,25,16,11,33,8,3
38,54,17,14,27,10,2
29,50,20,12,26,15,3
34,44,17,13,20,9,3
36,57,15,15,26,13,2
42,62,14,15,32,12,2
52,73,15,17,25,14,2
52,71,17,15,26,14,2
40,52,16,11,26,12,2
31,41,13,12,25,12,3
35,34,12,12,22,13,3
43,51,13,14,28,15,2
49,63,14,14,28,15,2
72,108,14,43,44,20,1
33,48,12,14,23,10,3
56,82,13,29,62,15,2
52,70,14,19,28,13,2
20,20,13,10,19,8,3
27,41,14,18,17,11,3
30,53,16,17,24,11,2
27,37,13,16,24,12,3
36,51,13,16,26,10,2
38,58,2,11,65,6,2
51,67,12,27,80,12,2
24,39,13,10,59,14,2
35,54,13,12,68,13,2
27,51,15,7,77,15,2
33,44,13,10,68,7,2
28,49,11,6,65,11,2
42,60,11,14,65,12,2
49,71,13,10,67,9,2
55,75,16,10,93,10,2
35,49,13,5,78,9,2
31,42,11,6,58,9,2
42,45,11,6,72,6,2
46,44,12,9,67,13,2
51,60,12,8,67,16,2
73,108,14,43,104,19,1
51,59,12,9,75,7,2
62,86,14,26,134,14,1
54,76,26,14,71,12,2
21,29,25,7,63,5,2
28,49,25,10,53,7,2
28,49,26,7,65,9,2
27,39,25,10,64,8,2
38,55,24,11,68,7,2
43,56,15,10,33,5,2
58,86,15,22,38,5,2
64,93,14,20,35,5,2
50,67,13,15,17,4,2
59,89,15,19,42,7,2
52,81,18,28,52,11,2
22,52,16,12,44,5,2
26,68,21,22,40,9,2
25,77,17,32,31,8,2
15,33,16,7,23,4,3
26,47,16,6,39,3,3
29,78,20,14,40,8,2
24,82,19,16,64,6,2
70,92,19,16,60,7,2
58,86,22,11,43,9,2
51,64,21,7,38,5,2
42,56,19,7,37,6,2
84,112,20,33,57,10,1
89,126,19,42,64,13,1
64,90,19,31,34,10,2
60,95,18,23,67,8,2
54,79,18,15,50,7,2
33,37,17,5,30,4,3
26,49,16,9,26,5,3
28,16,17,9,48,4,3
46,13,16,10,41,4,3
62,103,40,19,33,11,1
51,79,40,14,32,13,2
61,95,40,22,32,13,2
60,102,41,23,34,14,1
58,81,40,16,19,6,2
24,55,41,10,18,8,2
56,89,40,21,21,12,2
28,53,39,9,25,9,2
53,83,41,19,22,13,2
37,69,41,10,20,9,2
40,68,41,16,14,9,2
37,77,42,14,24,12,2
57,101,46,13,37,18,1
68,123,43,20,37,14,1
68,125,45,16,37,22,1
57,91,42,12,42,15,2
55,98,44,12,38,18,2
57,85,41,16,22,17,2
52,78,41,15,20,11,2
38,62,41,8,12,7,2
30,55,40,7,13,9,2
36,68,41,8,19,12,2
52,83,42,17,31,16,2
58,91,43,13,35,20,2
50,75,41,14,37,16,2
54,84,41,18,35,19,2
41,76,42,14,21,25,2
48,69,43,12,25,18,2
29,60,23,7,16,12,2
35,65,23,11,22,17,2
49,79,24,13,20,21,2
43,75,26,14,20,28,2
53,88,25,25,16,42,2
59,103,30,18,22,26,1
45,67,27,12,11,22,2
35,62,31,7,12,16,2
53,91,27,21,17,39,2
35,62,33,6,19,10,2
44,72,27,11,13,21,2
55,92,34,17,18,33,2
54,87,40,11,28,18,2
65,117,31,17,28,32,1
62,107,40,11,34,17,1
58,96,35,10,33,16,2
56,89,32,9,22,17,2
37,62,24,6,17,9,2
38,67,23,7,14,10,2
35,59,25,6,11,14,2
26,52,21,4,13,6,2
23,53,23,4,21,5,2
48,79,24,10,23,19,2
51,83,38,12,24,23,2
50,78,22,12,34,19,2
54,91,21,17,29,26,2
44,72,35,8,18,18,2
40,62,25,7,16,15,2
22,38,42,5,16,8,3
24,55,48,8,14,10,2
42,63,43,8,21,13,2
61,90,43,15,27,21,2
66,108,47,18,35,24,1
57,92,43,18,27,17,2
52,78,44,13,31,20,2
52,79,42,13,31,14,2
55,87,42,27,25,27,2
61,90,42,17,21,20,2
63,109,43,20,27,19,1
56,90,45,10,34,17,2
64,103,43,16,27,17,1
60,99,45,10,34,17,2
67,112,19,13,31,24,1
65,98,33,13,31,20,2
73,116,37,17,20,17,1
64,117,37,11,22,14,1
75,138,38,11,27,13,1
55,94,37,9,28,17,2
51,78,37,12,23,19,2
15,34,24,3,16,4,3
35,58,38,7,19,16,2
21,47,20,6,22,12,3
62,102,20,30,19,37,1
47,76,24,12,22,28,2
30,54,31,4,18,6,2
25,42,30,4,17,6,3
32,55,51,5,14,12,2
52,77,34,7,18,21,2
24,52,40,9,21,8,2
19,53,40,12,19,10,2
19,41,40,12,20,9,3
18,48,40,7,28,6,3
25,55,40,10,22,11,2
17,44,39,10,21,9,3
31,57,40,13,19,9,2
30,58,40,13,20,8,2
21,50,40,7,16,5,3
33,65,40,12,19,5,2
43,62,40,11,25,9,2
34,57,39,11,26,9,2
42,66,40,11,25,12,2
43,63,40,11,23,13,2
38,66,40,22,21,15,2
37,60,41,10,22,11,2
25,51,39,16,20,13,2
33,63,39,12,24,12,2
21,50,39,10,23,10,3
59,95,40,21,25,12,2
51,83,40,16,24,11,2
42,61,39,9,13,6,2
16,45,39,9,19,4,3
48,75,39,11,23,13,2
59,94,40,13,30,12,2
68,113,39,18,24,14,1
70,126,29,26,15,34,1
23,40,27,5,16,10,3
32,59,28,9,14,17,2
31,52,27,7,13,11,2
23,50,36,6,10,13,3
35,65,38,11,11,42,2
27,55,27,5,20,8,2
36,61,24,9,20,11,2
32,56,24,10,18,17,2
24,35,21,7,22,9,3
44,71,33,25,14,37,2
38,60,41,8,17,17,2
27,52,24,16,14,33,2
32,52,22,10,21,15,2
29,52,22,8,18,12,2
56,92,25,20,16,40,2
49,77,28,8,21,12,2
24,40,28,4,11,7,3
28,52,31,7,13,23,2
24,49,21,7,22,18,3
39,64,27,10,25,24,2
50,77,22,9,22,13,2
45,77,31,9,24,18,2
46,75,50,9,31,18,2
58,90,30,19,21,31,2
50,78,30,15,30,27,2
48,79,31,12,27,23,2
54,88,23,24,30,42,2
55,88,29,18,23,44,2
67,118,29,16,28,31,1
55,93,29,11,32,16,2
62,108,32,13,32,19,1
51,88,32,9,28,20,2
62,105,25,15,25,25,1
56,96,26,9,39,17,2
66,111,26,12,33,22,1
60,99,29,12,37,24,2
58,97,23,12,27,19,2
52,82,28,10,26,19,2
56,95,33,9,28,18,2
49,81,21,10,26,22,2
43,73,22,14,26,25,2
52,83,23,12,28,23,2
52,71,23,10,20,33,2
50,67,22,9,18,17,2
53,70,26,10,20,20,2
59,77,31,14,14,26,2
58,82,22,18,14,38,2
49,65,19,16,18,38,2
54,70,20,26,19,45,2
52,69,20,12,19,28,2
41,57,18,9,26,21,2
47,69,19,10,25,21,2
60,88,24,12,25,24,2
59,79,21,10,25,21,2
70,110,24,14,24,20,1
52,72,24,8,25,14,2
51,67,26,11,20,19,2
51,65,23,8,20,16,2
26,42,22,11,13,19,3
41,54,27,11,17,19,2
25,42,20,8,18,22,3
57,78,21,23,14,33,2
52,69,22,15,18,27,2
33,55,27,10,14,18,2
30,47,25,11,13,19,3
38,55,33,12,13,22,2
54,69,26,14,15,28,2
48,66,23,13,17,29,2
45,68,31,12,25,31,2
55,69,26,20,15,31,2
55,68,23,18,21,40,2
51,71,27,15,25,32,2
56,74,24,24,21,40,2
55,76,24,20,16,42,2
65,101,24,19,19,41,1
57,79,24,11,25,26,2
63,92,25,14,26,30,2
56,83,25,12,21,30,2
63,87,24,19,14,37,2
54,81,25,14,23,40,2
66,99,25,16,21,42,2
66,99,23,18,30,40,2
63,86,24,15,17,36,2
56,79,26,10,22,24,2
62,94,26,12,23,28,2
54,77,21,15,21,34,2
57,71,23,17,18,38,2
61,84,23,18,20,42,2
22,38,28,9,43,10,3
39,57,34,11,42,13,2
23,51,33,9,57,10,2
63,80,40,17,49,23,2
54,69,30,13,59,18,2
43,61,32,10,36,15,2
30,52,33,9,43,8,2
39,57,34,10,40,14,2
53,64,32,10,49,25,2
44,61,34,9,50,19,2
54,72,42,12,60,22,2
69,93,51,20,54,23,2
70,82,63,14,64,21,2
65,81,55,16,65,22,2
67,85,55,21,50,34,2
69,94,55,17,50,28,2
76,101,56,16,50,22,1
63,92,52,11,60,14,2
75,101,51,15,65,20,1
88,115,61,17,73,25,1
74,101,55,15,58,20,1
64,87,52,10,59,14,2
74,97,51,11,65,17,2
61,81,51,13,56,18,2
69,85,60,15,44,26,2
71,91,57,14,55,21,2
28,52,26,5,35,7,2
51,70,33,8,37,10,2
35,51,32,3,34,5,2
48,69,26,16,33,19,2
52,72,27,14,32,22,2
50,75,19,7,32,14,2
58,93,19,13,27,17,2
57,83,20,8,39,14,2
70,100,20,11,32,16,2
57,73,19,9,41,15,2
59,88,19,13,27,19,2
57,84,19,10,26,16,2
64,104,13,9,34,16,1
51,80,11,9,32,16,2
39,23,10,12,26,17,3
22,49,41,7,18,12,3
37,62,44,11,18,12,2
39,67,42,9,22,14,2
64,103,43,26,23,20,1
52,80,43,14,23,16,2
30,50,43,6,15,10,3
37,60,20,12,12,17,2
38,55,20,15,14,28,2
49,67,19,21,17,35,2
51,75,22,18,19,31,2
52,69,20,16,16,30,2
51,73,20,22,15,37,2
57,88,23,23,19,31,2
47,63,21,16,11,19,2
36,50,23,15,10,22,3
45,65,20,20,14,27,2
27,35,19,9,15,21,3
44,58,24,12,13,25,2
37,62,27,13,13,25,2
39,60,23,14,10,19,2
45,70,29,18,13,34,2
55,80,32,13,21,36,2
59,93,25,19,20,45,2
64,102,30,15,25,40,1
60,88,29,14,24,35,2
55,80,28,16,19,31,2
43,55,21,11,18,17,2
38,61,21,13,14,18,2
37,54,23,11,12,16,2
32,53,21,10,9,15,2
25,47,22,9,14,17,3
50,69,23,19,19,28,2
53,71,29,13,18,33,2
54,75,20,15,31,31,2
55,77,19,19,21,37,2
53,69,24,15,14,30,2
43,57,22,13,15,23,2
48,66,45,13,38,18,2
55,61,50,12,53,21,2
59,76,46,19,50,30,2
56,79,45,16,49,28,2
65,81,54,16,59,26,2
71,89,59,23,52,31,2
60,84,29,23,51,27,2
52,65,28,16,41,15,2
51,55,27,13,33,15,2
56,81,42,21,42,26,2
38,50,26,9,43,9,3
51,60,27,12,45,19,2
40,58,29,11,41,16,2
50,62,27,12,37,15,2
51,72,33,15,49,19,2
67,89,41,13,57,25,2
78,107,55,20,53,41,1
78,115,43,14,74,23,1
73,93,39,13,59,26,2
61,94,41,15,56,24,2
47,58,29,11,51,14,2
45,67,30,13,43,17,2
48,55,30,9,44,11,2
33,57,27,11,37,8,2
36,53,29,9,41,13,2
57,77,35,18,53,21,2
62,83,49,12,63,19,2
57,76,43,15,71,18,2
65,88,48,18,67,25,2
53,68,34,13,55,17,2
39,58,30,12,48,18,2
62,97,28,13,21,14,2
54,71,26,13,41,14,2
57,83,27,18,38,20,2
56,77,29,13,28,19,2
54,77,31,11,39,20,2
54,80,27,17,34,18,2
64,93,28,18,31,19,2
53,77,28,11,18,10,2
41,63,30,7,19,10,2
60,89,28,14,25,14,2
29,52,26,7,28,11,2
66,99,29,13,29,15,2
53,72,29,7,23,9,2
52,73,28,10,16,10,2
51,76,28,9,25,10,2
59,88,40,8,41,18,2
71,106,32,11,39,19,1
61,99,35,7,42,18,2
59,87,33,7,39,14,2
65,106,31,12,45,17,1
81,118,27,15,37,16,1
62,93,26,15,36,10,2
51,77,26,9,27,8,2
43,64,26,6,27,8,2
38,62,26,7,28,9,2
55,79,27,13,39,11,2
51,73,30,11,56,19,2
47,63,27,10,43,17,2
51,19,26,14,48,21,2
59,24,29,10,33,20,2
56,22,12,18,32,25,2
56,96,40,13,19,9,2
46,81,39,17,29,14,2
81,108,66,18,44,35,1
62,75,55,14,44,28,2
59,72,54,14,38,27,2
66,91,51,13,51,28,2
80,99,54,14,42,28,2
70,84,58,12,40,23,2
62,79,53,9,53,17,2
67,94,57,11,57,18,2
65,93,53,16,61,28,2
75,102,52,12,51,18,1
79,105,57,14,55,28,1
58,87,44,8,23,15,2
63,95,45,11,26,19,2
55,78,47,7,24,14,2
54,82,48,7,34,15,2
59,88,48,8,26,16,2
67,97,48,14,26,22,2
60,86,47,9,30,17,2
53,73,49,6,35,13,2
49,71,49,6,32,12,2
59,88,49,7,23,15,2
73,114,52,9,24,21,1
63,89,51,10,21,17,2
66,99,50,14,21,19,2
62,87,48,10,25,21,2
63,93,50,7,18,22,2
80,111,52,7,24,29,1
53,64,48,4,22,17,2
34,56,50,5,24,15,2
59,89,52,9,29,23,2
69,106,51,9,26,19,1
85,127,51,11,27,22,1
58,80,51,5,25,15,2
72,110,50,9,29,15,1
58,81,50,6,26,14,2
71,30,52,8,25,19,2
79,26,49,10,23,19,2
54,89,41,11,32,20,2
62,100,43,7,41,17,2
57,93,41,11,36,23,2
56,93,41,9,38,20,2
50,86,41,9,37,21,2
68,108,37,9,32,28,1
55,93,27,13,30,24,2
49,80,36,12,32,23,2
63,103,35,13,28,21,1
67,111,42,13,22,25,1
62,88,35,20,19,22,2
64,102,35,28,20,28,1
67,102,38,19,18,24,1
56,102,31,19,15,31,1
74,140,36,22,20,26,1
51,90,29,14,19,21,2
47,84,33,16,21,22,2
58,107,38,14,23,25,1
66,119,37,15,16,27,1
82,147,39,18,20,24,1
67,118,36,10,26,18,1
72,134,34,18,29,22,1
60,117,36,18,30,22,1
65,124,34,13,27,21,1
65,125,36,14,21,29,1
57,98,27,12,26,22,2
57,92,25,15,27,27,2
53,90,23,18,19,36,2
53,89,29,9,25,19,2
52,91,25,12,27,28,2
52,86,29,9,28,19,2
61,108,24,18,22,34,1
53,87,22,10,29,25,2
49,81,28,10,29,26,2
47,77,25,10,23,20,2
57,98,27,13,18,25,2
56,89,42,10,16,27,2
58,97,28,25,9,55,2
54,90,30,17,16,41,2
62,101,28,23,16,45,1
53,83,34,19,11,45,2
74,123,47,26,20,58,1
50,68,23,16,12,35,2
35,67,28,13,13,35,2
58,103,26,14,23,28,1
64,107,39,19,17,52,1
76,129,35,30,14,63,1
45,70,39,8,16,22,2
68,120,28,22,17,41,1
59,99,25,17,21,30,2
72,128,35,24,21,50,1
64,106,28,16,14,33,1
55,76,27,14,20,31,2
55,70,33,16,14,30,2
58,81,33,12,19,25,2
68,102,27,11,27,22,1
71,106,28,12,34,25,1
56,74,26,9,29,29,2
64,86,34,10,22,27,2
68,94,32,10,26,26,2
70,101,33,9,28,25,1
64,83,35,7,24,23,2
54,71,32,6,21,15,2
46,59,29,5,18,13,2
63,89,33,10,18,24,2
53,69,28,10,17,23,2
66,95,31,12,24,30,2
71,97,30,11,24,29,2
63,80,29,8,28,20,2
63,89,31,8,32,19,2
66,95,26,10,32,28,2
74,100,27,15,24,24,2
48,66,27,7,26,17,2
53,76,31,9,24,26,2
58,80,26,9,27,28,2
53,79,26,13,21,34,2
70,108,25,23,28,38,1
65,95,27,14,17,32,2
61,91,29,10,23,28,2
68,102,31,13,20,30,1
59,85,28,13,24,32,2
73,105,29,12,39,35,1
54,72,26,7,27,24,2
64,81,53,12,48,28,2
68,81,56,14,40,27,2
72,100,54,11,44,23,2
94,129,51,15,50,23,1
77,111,56,12,62,20,1
64,79,51,10,55,17,2
84,108,54,11,51,23,1
59,83,22,18,19,35,2
59,84,21,20,24,38,2
54,76,22,20,17,41,2
63,87,20,13,14,30,2
59,79,23,20,19,38,2
59,83,22,15,19,32,2
52,72,24,13,28,31,2
58,80,26,16,24,38,2
58,77,24,14,23,34,2
66,89,23,23,18,47,2
59,77,22,15,23,40,2
57,77,24,17,27,35,2
51,70,23,14,25,25,2
58,82,25,13,22,26,2
62,86,31,13,17,29,2
56,74,39,18,13,35,2
56,80,28,25,17,39,2
64,84,29,17,16,34,2
54,68,26,21,13,45,2
75,109,33,25,21,44,1
52,64,24,16,18,31,2
44,58,27,15,16,32,2
54,79,26,17,24,43,2
65,90,31,17,17,39,2
59,82,36,14,17,32,2
54,66,31,10,21,23,2
65,94,27,18,22,32,2
55,79,24,18,26,38,2
66,94,30,15,20,28,2
65,94,26,19,19,38,2
60,82,50,16,64,26,2
68,92,54,16,76,28,2
68,93,57,16,61,32,2
66,86,46,12,76,13,2
64,84,51,16,65,25,2
61,80,50,11,72,14,2
61,83,52,15,68,24,2
70,99,53,14,72,23,2
68,87,54,13,67,22,2
71,99,56,15,48,32,2
65,90,51,12,61,25,2
67,91,54,12,57,25,2
55,73,52,11,58,17,2
69,91,53,12,58,20,2
69,90,52,11,44,16,2
67,85,66,17,43,28,2
61,84,51,20,44,33,2
77,98,59,15,49,27,2
47,65,22,11,24,24,2
40,54,24,10,23,26,2
52,69,23,17,19,36,2
57,79,24,12,23,27,2
52,76,24,15,22,34,2
56,79,22,16,28,36,2
60,91,24,21,27,37,2
74,108,22,20,23,38,1
44,60,23,15,23,35,2
56,77,27,11,21,24,2
51,64,27,8,16,20,2
54,70,29,12,16,24,2
56,76,23,14,17,32,2
47,61,24,16,18,29,2
55,73,21,15,19,33,2
62,74,51,10,57,14,2
59,74,50,9,51,11,2
68,82,54,12,39,17,2
64,83,53,14,45,20,2
57,72,53,13,66,21,2
67,83,61,20,46,33,2
60,79,53,11,54,17,2
46,59,46,9,61,7,2
55,73,51,10,58,8,2
69,87,50,11,57,12,2
67,87,52,10,63,8,2
81,112,49,13,48,9,1
54,70,55,11,51,13,2
41,55,48,8,49,10,2
56,77,52,13,55,21,2
66,87,53,12,56,17,2
60,81,58,13,65,21,2
64,90,62,15,66,28,2
73,97,64,18,57,34,2
86,116,74,19,72,30,1
56,64,52,12,66,19,2
62,83,52,12,64,20,2
60,73,52,10,62,13,2
66,81,53,11,63,16,2
60,76,46,13,66,21,2
53,65,55,17,51,28,2
62,81,49,14,71,20,2
55,83,12,9,25,16,2
61,102,23,13,35,20,1
39,66,20,9,60,15,2
39,69,19,15,151,20,1
50,76,20,8,71,15,2
35,58,17,6,47,13,2
46,76,22,8,66,13,2
49,74,47,8,26,14,2
53,73,45,10,25,15,2
60,85,49,12,31,19,2
51,60,45,7,27,13,2
58,82,47,8,29,16,2
51,68,51,5,23,11,2
58,23,45,8,19,16,2
74,113,41,15,17,13,1
73,117,38,20,21,21,1
54,77,37,7,27,16,2
51,78,38,22,25,20,2
56,87,39,9,29,15,2
46,66,37,6,31,11,2
42,73,37,7,31,12,2
65,102,38,8,31,11,1
67,105,37,9,27,11,1
75,112,36,13,24,13,1
51,76,38,3,27,8,2
49,74,37,4,28,17,2
61,99,39,10,25,23,2
60,103,36,9,29,19,1
55,95,37,9,27,20,2
64,107,43,31,30,26,1
72,118,57,26,33,24,1
42,68,49,7,37,22,2
55,93,38,9,28,20,2
50,79,41,6,26,18,2
56,93,40,11,26,20,2
57,91,40,10,29,26,2
47,72,41,15,26,23,2
59,93,41,9,37,24,2
47,77,22,9,27,15,2
41,69,29,7,23,11,2
42,69,34,7,25,12,2
50,77,40,10,19,24,2
54,90,25,14,21,25,2
37,67,19,11,29,20,2
50,82,21,20,31,32,2
43,74,21,8,30,14,2
33,58,17,6,38,6,2
40,72,23,8,38,8,2
53,89,29,9,38,13,2
50,83,27,8,36,10,2
65,115,25,14,31,13,1
51,81,25,7,32,6,2
51,81,24,10,25,13,2
39,69,23,8,28,8,2
45,75,22,10,29,13,2
30,56,24,7,39,12,2
51,82,22,15,26,24,2
51,87,26,8,28,16,2
50,84,25,13,26,24,2
52,90,21,14,30,21,2
63,109,24,23,27,40,1
64,108,25,17,30,25,1
44,70,24,9,30,22,2
48,79,34,7,24,17,2
34,61,32,5,20,11,2
49,77,37,8,20,19,2
54,88,37,11,19,29,2
46,66,24,15,18,29,2
52,82,21,11,27,18,2
64,77,59,16,41,43,2
59,84,45,10,23,14,2
57,84,47,9,26,13,2
53,69,45,7,25,10,2
36,54,41,6,27,12,2
61,88,44,12,30,14,2
54,73,46,7,32,11,2
61,91,46,11,29,16,2
69,102,45,14,29,16,1
57,84,45,12,22,15,2
53,79,48,9,24,15,2
60,88,45,11,30,13,2
58,86,43,10,35,11,2
68,104,45,14,27,14,1
57,83,46,10,29,14,2
53,80,44,10,33,15,2
58,88,49,14,29,18,2
66,100,46,13,31,17,2
66,100,46,11,32,15,2
57,81,44,10,33,11,2
54,82,46,9,30,15,2
62,92,47,9,31,13,2
63,94,46,10,42,17,2
67,28,46,12,35,15,2
87,27,46,16,38,17,2
64,27,10,19,38,32,2
51,86,39,8,30,22,2
42,81,38,9,27,20,2
55,104,38,12,21,25,1
51,87,41,7,23,20,2
53,90,38,8,21,19,2
59,105,37,16,13,21,1
59,101,38,8,19,18,1
54,92,40,7,21,17,2
48,82,40,6,26,16,2
35,68,38,6,30,19,2
56,102,39,11,27,23,1
57,104,40,8,21,20,1
55,101,40,11,19,25,1
58,98,41,9,21,21,2
63,114,39,11,15,21,1
55,100,41,8,17,21,2
59,103,41,8,24,20,1
58,97,38,9,30,20,2
67,119,42,13,28,28,1
64,106,40,11,28,23,1
50,85,39,8,25,21,2
74,134,43,14,22,29,1
63,106,40,10,24,20,1
61,110,42,11,26,24,1
62,106,42,9,26,28,1
53,91,40,7,28,19,2
58,105,39,10,28,22,1
65,123,38,10,36,23,1
66,122,39,12,28,25,1
76,140,41,16,30,31,1
61,109,41,10,32,26,1
44,70,30,8,29,11,2
46,75,27,8,27,12,2
53,80,30,9,27,21,2
46,74,33,7,26,18,2
50,78,30,9,17,21,2
57,94,31,20,12,52,2
50,71,37,7,19,18,2
49,73,39,7,23,13,2
45,61,39,4,21,14,2
26,52,27,6,24,14,2
54,92,29,11,25,25,2
54,78,32,7,27,18,2
61,100,33,11,21,32,2
73,116,38,14,26,40,1
62,87,33,12,17,30,2
51,74,35,7,22,20,2
59,89,32,8,26,19,2
62,97,28,9,30,17,2
63,106,38,13,26,33,1
55,81,39,8,34,27,2
58,89,32,10,31,24,2
62,94,35,12,24,29,2
59,88,31,9,22,22,2
60,97,31,7,32,12,2
63,95,31,10,29,20,2
64,96,32,9,31,14,2
61,96,34,8,29,15,2
63,100,31,8,44,12,2
67,111,32,10,36,13,1
83,126,35,16,32,29,1
60,92,30,7,32,14,2
56,86,42,8,21,21,2
63,106,40,15,29,25,1
52,82,41,12,27,24,2
45,80,42,8,26,19,2
59,109,43,10,33,30,1
63,88,29,15,24,38,2
60,83,29,11,30,28,2
60,82,27,11,37,30,2
58,77,26,10,31,28,2
63,85,27,11,28,28,2
68,92,31,11,26,24,2
52,65,28,9,19,24,2
53,76,25,16,23,34,2
45,62,25,12,27,31,2
51,66,27,10,25,32,2
66,93,32,12,34,41,2
61,80,26,10,28,27,2
51,64,29,8,23,21,2
31,42,24,8,20,19,3
54,81,29,20,20,45,2
48,65,29,9,23,24,2
42,66,29,7,26,20,2
50,73,29,8,23,22,2
53,78,26,8,33,19,2
51,69,27,10,25,34,2
55,81,28,11,29,36,2
57,80,29,11,24,32,2
54,80,29,8,27,22,2
57,74,34,8,20,26,2
49,67,31,7,24,20,2
52,72,28,6,28,19,2
51,72,27,12,22,33,2
45,63,25,9,24,28,2
54,76,26,12,29,38,2
63,94,27,13,38,37,2
79,102,55,14,30,29,1
66,89,52,10,39,19,2
66,87,51,9,39,18,2
62,79,50,9,37,18,2
74,100,52,12,35,22,2
66,87,51,10,34,13,2
58,72,51,9,27,16,2
64,87,52,13,27,31,2
68,88,54,12,35,29,2
58,77,53,9,32,20,2
70,99,53,11,46,22,2
66,82,51,9,36,12,2
56,71,52,9,27,14,2
36,47,50,8,47,15,3
69,95,54,17,45,35,2
52,66,52,8,52,15,2
46,66,51,7,53,9,2
56,79,53,8,51,15,2
52,73,50,8,68,10,2
58,81,52,11,54,25,2
61,85,52,10,58,19,2
64,82,54,10,48,22,2
61,85,53,8,53,13,2
57,76,53,8,47,13,2
55,81,52,8,50,13,2
54,81,57,10,63,16,2
71,105,63,12,63,24,1
57,83,46,13,32,14,2
65,99,46,15,29,16,2
56,86,45,9,39,13,2
53,77,45,9,30,13,2
61,93,46,11,36,14,2
73,108,48,13,29,15,1
60,84,48,11,26,15,2
60,82,48,12,29,15,2
48,61,46,9,31,12,2
49,71,49,9,36,15,2
61,89,50,10,43,16,2
55,78,47,9,30,13,2
51,65,47,8,26,11,2
32,51,46,7,21,11,2
53,81,50,17,24,22,2
51,72,50,10,27,15,2
47,72,49,7,29,13,2
55,80,50,9,27,15,2
56,81,48,10,31,12,2
45,59,49,7,33,10,2
54,78,50,9,35,15,2
57,78,49,14,26,18,2
57,82,51,10,29,16,2
55,77,52,8,27,15,2
54,75,50,11,22,16,2
54,74,50,10,27,13,2
48,71,49,12,26,16,2
61,26,49,13,31,22,2
67,27,49,16,40,19,2
68,118,40,16,26,27,1
65,115,39,12,26,25,1
62,111,42,10,34,23,1
57,93,42,9,31,19,2
69,120,43,12,27,26,1
62,109,42,9,29,16,1
83,111,56,11,50,24,1
92,120,59,11,56,26,1
78,104,54,10,63,17,1
78,119,54,11,43,23,1
56,75,51,12,50,23,2
79,111,62,11,56,26,1
85,115,53,11,53,19,1
74,99,55,10,58,20,2
82,114,55,11,58,17,1
74,100,51,10,77,13,2
86,113,51,14,60,19,1
54,72,52,9,58,13,2
60,82,53,11,54,22,2
66,95,54,13,51,30,2
81,112,55,16,54,28,1
79,109,54,12,46,22,1
82,112,56,12,41,27,1
82,113,53,13,40,28,1
69,97,52,12,53,24,2
90,117,54,12,81,29,1
64,92,48,8,22,18,2
60,84,47,7,23,18,2
80,124,45,10,28,17,1
86,132,44,9,28,14,1
67,105,46,7,38,15,1
68,102,44,7,32,16,1
73,109,48,8,31,17,1
71,110,50,6,33,16,1
79,119,51,7,34,17,1
67,97,51,4,31,14,2
60,80,47,5,21,14,2
62,99,50,8,25,18,2
66,94,45,6,23,15,2
80,126,49,9,28,23,1
84,123,49,7,29,16,1
70,102,49,5,31,14,1
79,121,49,5,33,16,1
80,122,48,4,33,17,1
77,110,45,5,25,18,1
54,81,45,4,19,13,2
57,79,49,5,22,20,2
63,91,46,5,38,16,2
51,73,45,4,29,12,2
68,102,47,6,32,17,1
69,103,49,6,28,17,1
64,96,50,11,30,15,2
76,124,49,18,26,20,1
73,28,47,17,26,18,2
75,29,51,14,43,21,2
57,26,9,18,31,29,2
62,114,37,13,23,27,1
59,108,40,10,18,23,1
72,141,37,13,25,20,1
84,161,38,14,27,22,1
83,153,39,13,31,26,1
58,100,38,9,31,22,2
69,130,40,12,26,26,1
74,145,40,10,29,25,1
87,156,42,11,30,25,1
71,132,45,9,29,21,1
66,119,39,10,21,17,1
67,119,39,11,20,23,1
57,116,39,13,20,26,1
95,174,40,15,22,24,1
71,138,37,11,24,29,1
73,134,35,9,26,19,1
75,150,37,12,32,22,1
74,140,36,11,32,21,1
80,147,38,13,26,21,1
55,102,36,9,30,18,1
57,110,39,9,28,26,1
56,104,36,10,35,25,1
56,104,37,12,27,25,1
81,148,38,22,28,24,1
68,131,39,14,24,25,1
71,140,40,12,24,26,1
73,145,39,14,24,27,1
66,130,40,12,25,25,1
83,154,39,15,37,34,1
56,100,38,9,29,22,2
54,88,31,12,17,28,2
56,90,29,23,11,51,2
60,103,31,13,20,27,1
73,126,32,13,26,25,1
66,115,35,11,36,20,1
52,80,32,8,32,23,2
60,101,36,10,31,23,1
62,108,37,10,30,23,1
65,113,40,11,34,22,1
55,85,42,6,26,17,2
46,70,40,6,18,13,2
39,58,28,6,14,14,2
59,102,42,11,19,26,1
51,82,38,9,20,26,2
75,129,35,14,26,26,1
70,114,33,11,30,22,1
57,89,32,8,32,19,2
67,115,33,13,34,27,1
61,108,28,9,38,20,1
70,112,32,14,24,21,1
49,80,31,8,18,19,2
51,85,37,9,22,27,2
53,85,30,8,27,25,2
49,83,27,11,23,32,2
77,131,28,24,27,42,1
66,116,29,16,24,31,1
64,110,32,13,29,35,1
70,130,33,17,28,45,1
78,140,32,18,29,39,1
75,121,37,12,50,21,1
53,80,29,6,34,13,2
51,68,25,8,29,22,2
47,63,24,10,25,28,2
50,68,26,11,19,35,2
52,70,29,8,24,26,2
52,66,29,9,21,27,2
56,73,28,15,11,28,2
55,71,31,7,18,18,2
53,69,33,6,23,16,2
52,60,30,6,25,15,2
32,50,25,7,29,16,3
55,73,25,10,24,25,2
55,70,28,8,20,19,2
56,75,28,10,17,28,2
65,92,30,15,24,36,2
56,72,31,8,17,20,2
53,70,30,8,17,19,2
56,77,28,13,26,22,2
59,78,25,11,27,26,2
60,89,31,15,24,35,2
58,84,29,11,32,34,2
59,80,25,13,26,35,2
59,81,28,14,25,28,2
56,77,28,10,25,27,2
59,87,27,12,32,30,2
62,89,26,12,34,34,2
56,77,27,10,22,33,2
62,89,30,11,25,31,2
65,93,26,11,40,27,2
65,96,28,12,30,29,2
79,112,27,17,39,41,1
64,86,27,12,35,33,2
55,75,50,9,67,13,2
52,69,50,10,59,16,2
61,85,53,12,47,25,2
64,89,53,9,50,14,2
61,79,55,9,58,18,2
76,100,58,17,38,31,2
63,79,53,8,48,16,2
60,78,53,9,57,12,2
56,67,52,8,57,10,2
36,53,48,8,55,9,2
58,83,50,10,59,17,2
65,88,52,10,47,18,2
58,79,51,10,49,19,2
69,94,53,11,53,21,2
63,84,53,9,46,16,2
60,80,54,9,42,17,2
62,84,51,9,40,14,2
59,83,51,9,42,17,2
72,101,55,13,26,36,1
73,97,55,12,34,30,2
60,87,51,10,29,21,2
71,100,52,13,25,26,2
63,86,52,9,33,13,2
69,101,52,9,41,18,1
69,98,51,11,38,24,2
61,84,51,9,26,18,2
63,90,52,10,32,21,2
76,104,51,10,41,22,1
68,97,52,10,30,16,2
79,110,52,12,38,29,1
74,96,51,10,48,19,2
51,66,44,9,31,11,2
48,65,47,10,29,12,2
45,66,48,9,30,13,2
56,82,51,8,27,14,2
52,82,51,11,23,15,2
52,77,42,16,19,18,2
58,85,32,16,22,41,2
50,63,29,14,22,35,2
49,63,33,13,21,38,2
57,83,30,17,34,47,2
56,75,31,19,18,46,2
55,72,30,13,22,40,2
38,56,27,8,23,25,2
38,55,29,18,15,32,2
55,73,32,14,17,38,2
38,55,28,10,16,25,2
41,55,48,12,13,15,2
32,49,31,10,16,9,3
51,70,36,16,27,12,2
42,53,29,11,18,7,2
27,39,30,8,16,7,3
31,47,31,8,11,6,3
55,71,50,13,15,9,2
55,75,43,18,19,13,2
28,40,31,7,16,5,3
28,44,33,7,13,6,3
41,54,33,15,16,6,2
27,33,32,7,14,5,3
20,30,32,7,13,5,3
23,35,30,8,12,6,3
39,57,34,10,11,7,2
34,56,32,12,9,7,2
30,37,30,10,8,5,3
19,20,29,5,14,4,3
23,28,30,7,12,5,3
29,50,31,9,18,7,3
64,88,77,12,48,28,2
51,70,13,14,49,34,2
63,95,20,13,63,42,2
64,84,26,14,46,34,2
51,73,13,11,52,26,2
39,62,7,10,55,17,2
37,58,28,11,36,21,2
34,54,18,9,38,19,2
28,53,5,8,41,14,2
60,80,21,11,45,27,2
58,81,14,10,56,24,2
63,111,41,10,24,19,1
54,88,42,7,18,16,2
36,61,41,6,19,15,2
60,110,42,19,18,23,1
53,89,42,7,28,15,2
50,85,42,6,29,14,2
57,101,43,7,23,15,1
64,95,30,12,28,26,2
62,101,28,9,25,18,1
56,92,7,6,45,9,2
57,81,30,11,32,38,2
67,99,32,11,30,35,2
70,85,29,10,28,28,2
58,82,30,11,34,29,2
55,76,29,11,30,33,2
60,83,38,10,26,35,2
45,62,29,9,21,28,2
54,77,33,11,24,35,2
52,69,27,9,32,29,2
58,83,26,9,38,26,2
59,80,29,10,35,30,2
56,76,37,9,23,35,2
52,67,28,8,25,31,2
64,90,33,11,35,35,2
75,106,29,12,34,37,1
66,95,28,15,32,44,2
65,93,34,11,36,30,2
44,55,25,9,19,26,2
41,58,29,14,15,30,2
33,53,29,10,21,27,2
45,65,25,9,28,32,2
64,95,31,18,19,48,2
57,83,29,10,20,36,2
58,85,27,11,28,36,2
62,95,27,14,33,37,2
55,78,29,14,23,43,2
55,76,29,15,22,39,2
51,69,28,16,22,39,2
50,64,31,19,18,35,2
48,68,31,12,25,40,2
53,70,27,11,32,32,2
57,84,59,10,65,16,2
70,103,61,10,58,17,1
64,86,62,11,53,18,2
62,95,60,11,64,24,2
65,90,67,11,54,27,2
65,91,66,9,58,23,2
49,64,60,9,50,20,2
60,85,64,10,54,20,2
53,77,62,9,60,19,2
60,83,61,9,72,12,2
68,100,64,12,66,26,2
77,105,76,12,49,31,1
57,76,63,9,58,18,2
73,105,65,12,70,28,1
82,108,64,13,64,27,1
64,95,63,13,63,28,2
50,60,58,9,45,13,2
46,63,60,16,42,29,2
50,67,73,11,50,26,2
52,68,61,9,57,24,2
73,115,82,14,46,38,1
67,95,81,10,53,28,2
62,96,60,12,62,21,2
65,100,62,12,70,27,2
63,83,67,13,50,32,2
62,86,64,10,49,21,2
51,70,67,12,49,30,2
54,74,80,14,49,26,2
64,90,81,13,56,32,2
56,79,63,12,56,28,2
58,77,49,9,35,11,2
64,100,50,12,28,27,2
54,76,50,8,32,14,2
52,72,50,9,36,11,2
42,65,51,7,36,10,2
48,67,51,6,34,11,2
44,62,50,7,28,11,2
45,63,51,7,38,11,2
55,77,51,9,40,14,2
58,79,51,10,39,12,2
47,65,51,8,37,11,2
52,71,52,9,38,15,2
61,88,51,12,32,17,2
72,107,52,14,40,19,1
64,92,51,15,35,18,2
65,95,51,15,39,18,2
51,66,50,11,24,15,2
45,61,50,15,18,17,2
36,52,51,10,29,12,2
53,74,53,11,29,15,2
59,87,52,13,39,21,2
68,102,51,17,47,18,1
62,90,51,13,38,15,2
51,71,51,13,30,15,2
45,64,52,8,33,13,2
47,60,51,14,15,18,2
37,31,52,17,13,18,2
48,31,51,12,39,18,2
66,103,47,8,37,17,1
52,77,41,7,27,23,2
58,98,45,9,30,22,2
55,83,47,7,36,21,2
61,97,42,9,43,16,2
62,100,43,10,44,26,2
70,111,47,9,32,25,1
100,157,41,15,50,26,1
67,122,40,14,51,23,1
57,88,42,11,32,19,2
52,80,41,18,31,23,2
71,120,45,13,36,21,1
65,109,45,10,35,20,1
68,113,44,15,39,23,1
62,104,44,11,41,22,1
75,130,45,16,36,24,1
59,90,43,10,50,21,2
54,78,40,11,56,18,2
51,79,41,15,45,15,2
62,103,43,15,58,18,1
32,45,5,7,42,12,3
29,50,7,8,41,16,3
40,58,7,15,45,18,2
25,44,8,7,41,12,3
25,55,5,7,41,9,2
21,45,4,7,37,12,3
39,58,7,9,40,21,2
48,68,11,11,39,31,2
50,71,51,17,27,20,2
50,63,51,16,18,18,2
40,62,51,13,37,18,2
52,74,52,16,36,19,2
52,71,52,17,22,19,2
55,75,52,13,42,20,2
44,61,51,10,24,16,2
33,52,52,17,25,16,2
51,62,51,8,14,11,2
47,61,51,12,12,14,2
44,61,47,10,30,12,2
43,65,47,13,40,18,2
53,82,47,11,24,11,2
47,66,49,9,28,11,2
20,28,41,3,28,5,3
37,53,43,6,31,8,2
52,76,41,14,29,13,2
29,41,42,4,27,6,3
24,30,41,3,29,4,3
35,55,42,5,34,7,2
63,83,42,12,27,11,2
16,25,41,4,34,6,3
29,30,42,7,19,8,3
46,31,43,10,35,11,3
54,77,40,18,47,22,2
51,83,42,12,73,17,2
58,93,43,17,27,24,2
61,95,43,16,14,20,2
55,86,44,11,26,29,2
52,81,44,9,35,17,2
52,70,44,14,26,16,2
64,106,43,15,31,19,1
61,100,37,11,20,19,2
45,71,37,10,13,14,2
32,63,37,7,19,14,2
52,82,38,14,30,17,2
48,68,36,13,24,14,2
36,58,36,7,16,11,2
42,68,36,10,15,14,2
60,99,39,10,19,14,2
63,106,41,9,27,18,1
23,38,36,3,17,8,3
26,58,38,6,21,13,2
44,65,37,19,13,14,2
23,45,37,4,14,9,3
17,37,36,3,15,7,3
27,59,37,5,26,12,2
54,80,38,11,24,18,2
58,78,38,14,17,13,2
37,56,37,8,13,12,2
18,33,37,4,18,10,3
29,55,37,8,17,11,2
39,66,38,8,24,15,2
50,65,45,10,26,13,2
51,66,43,15,27,12,2
62,91,47,17,42,18,2
20,28,44,7,32,10,3
39,62,45,17,45,13,2
46,60,46,11,51,16,2
38,55,45,8,47,12,2
53,68,44,11,23,10,2
35,58,35,10,33,12,2
57,90,34,20,48,23,2
54,74,34,13,43,15,2
49,72,34,14,39,18,2
56,82,34,21,44,24,2
56,78,34,12,44,17,2
33,53,34,9,31,10,2
54,77,33,18,31,13,2
39,59,33,14,36,12,2
75,116,35,23,38,21,1
47,54,21,12,20,9,2
60,53,21,15,19,13,2
63,100,39,12,19,23,2
33,56,38,5,18,13,2
41,71,39,7,23,15,2
42,62,39,8,14,15,2
53,80,39,17,13,15,2
52,83,41,20,23,19,2
179,58,39,9,17,15,1
47,76,40,14,25,14,2
38,63,40,9,28,19,2
45,73,42,10,24,19,2
32,60,39,7,22,17,2
50,76,40,7,28,14,2
69,124,40,15,29,23,1
78,136,41,14,32,18,1
55,81,39,13,34,17,2
64,102,41,21,40,22,1
57,86,42,10,30,16,2
50,71,18,8,19,18,2
22,42,14,2,19,5,3
30,54,16,3,18,9,2
34,54,27,5,14,15,2
51,71,30,12,12,29,2
61,85,36,23,18,57,2
25,44,22,5,15,21,3
44,66,17,13,23,30,2
30,50,20,5,31,15,3
48,63,32,8,28,30,2
32,54,21,5,31,15,2
39,60,16,13,20,34,2
22,45,20,3,16,14,3
36,56,33,3,21,21,2
51,67,32,5,31,28,2
56,82,23,11,34,36,2
52,73,26,8,28,35,2
45,63,18,8,22,32,2
54,84,19,18,35,45,2
48,65,20,6,22,16,2
47,73,20,15,31,49,2
62,90,19,24,29,65,2
59,88,24,16,23,44,2
32,59,25,9,19,52,2
55,81,34,17,15,62,2
32,57,27,9,20,34,2
54,76,36,14,21,47,2
44,68,20,11,21,33,2
34,54,28,8,25,29,2
53,75,25,15,23,44,2
60,87,28,19,30,53,2
52,77,19,10,14,35,2
52,74,24,10,20,35,2
23,34,13,2,15,7,3
28,50,17,4,16,17,3
46,62,15,17,14,44,2
22,38,15,3,14,10,3
15,34,15,2,13,6,3
22,43,13,3,13,8,3
43,67,19,6,14,16,2
32,59,16,7,15,20,2
22,36,13,7,18,22,3
18,26,12,2,16,8,3
15,34,13,3,13,9,3
23,52,15,4,21,10,2
49,65,33,13,15,12,2
28,34,31,7,15,5,3
39,52,35,13,15,9,2
41,57,39,15,15,9,2
60,81,55,23,18,11,2
30,31,34,12,16,9,3
45,60,33,17,18,10,2
33,50,36,10,21,11,3
46,59,43,14,19,12,2
28,43,33,8,24,9,3
44,57,32,17,15,7,2
31,46,34,10,13,6,3
46,61,46,15,16,10,2
58,75,43,19,20,14,2
56,74,39,20,24,16,2
53,71,42,18,24,15,2
51,63,39,18,22,10,2
58,81,38,24,33,15,2
52,63,39,13,23,11,2
52,74,41,19,22,17,2
63,85,56,28,25,19,2
56,77,57,18,20,18,2
34,52,53,15,17,11,2
53,68,56,17,17,9,2
35,53,51,11,22,10,2
52,71,61,15,20,15,2
51,65,53,15,18,13,2
31,49,54,10,24,11,2
55,71,53,16,23,14,2
62,85,52,23,20,14,2
32,50,40,7,40,14,3
34,55,41,9,48,17,2
40,63,43,8,43,16,2
46,65,44,14,39,24,2
61,88,51,18,45,31,2
33,58,42,11,43,19,2
49,71,31,15,51,30,2
31,52,32,8,50,20,2
33,54,34,9,41,24,2
33,50,33,8,51,22,2
49,62,40,13,42,22,2
31,53,34,9,34,23,2
51,65,43,9,35,26,2
62,86,44,11,50,30,2
58,75,35,15,57,32,2
44,64,35,13,54,24,2
65,96,40,21,78,33,2
53,67,32,11,58,20,2
65,94,36,21,54,49,2
70,99,46,19,42,42,2
36,56,35,15,36,27,2
53,70,38,19,35,30,2
41,55,38,15,37,24,2
50,66,35,14,40,24,2
53,68,38,16,34,33,2
47,64,38,13,38,35,2
61,85,33,23,37,44,2
53,70,43,12,32,15,2
35,55,42,7,29,9,2
54,67,43,9,32,11,2
54,73,56,24,23,24,2
40,64,57,21,17,24,2
75,129,45,25,71,26,1
66,110,47,16,61,23,1
56,78,49,11,60,13,2
78,126,48,17,126,25,1
81,137,47,18,106,29,1
68,109,50,12,91,19,1
85,148,51,25,74,37,1
59,84,50,15,56,29,2
58,82,49,16,55,29,2
64,85,49,17,56,30,2
80,130,50,25,57,37,1
76,119,53,19,53,31,1
64,98,50,12,66,19,2
71,119,50,15,82,20,1
76,116,49,17,81,27,1
57,78,49,13,79,22,2
59,101,49,13,65,17,1
76,117,50,14,69,18,1
70,105,49,14,66,26,1
64,89,49,25,84,28,2
55,78,48,17,108,25,1
61,89,51,15,181,33,1
64,84,50,17,63,28,2
68,93,50,14,80,20,2
58,77,48,21,76,36,2
65,94,49,17,97,25,2
74,107,52,19,80,27,1
73,116,49,19,82,29,1
61,88,50,14,103,21,1
60,84,48,18,97,27,2
76,119,50,18,114,29,1
69,101,49,19,87,29,1
60,82,47,17,79,26,2
69,99,48,15,82,20,2
82,141,51,19,129,24,1
67,113,50,15,84,28,1
83,130,51,15,42,25,1
71,103,51,14,45,23,1
62,100,51,14,50,21,2
62,92,51,13,55,24,2
63,86,51,14,58,26,2
57,79,51,14,56,26,2
58,94,50,14,48,25,2
57,83,50,17,39,33,2
73,97,50,24,50,45,2
63,90,50,16,37,24,2
69,112,50,17,42,32,1
66,110,51,21,37,41,1
70,113,51,17,46,28,1
72,113,51,21,43,33,1
70,103,51,19,49,35,1
62,100,51,18,52,33,2
78,117,51,26,34,39,1
67,113,53,18,42,38,1
59,81,52,18,45,32,2
53,79,52,18,35,27,2
64,88,51,20,37,34,2
56,72,48,22,41,39,2
71,91,49,28,32,43,2
61,87,48,26,32,45,2
55,79,49,15,38,21,2
63,86,51,12,43,17,2
59,105,51,15,45,23,1
42,76,50,9,33,14,2
64,102,50,18,37,31,1
71,108,51,21,35,32,1
39,43,51,11,27,17,2
27,53,51,9,30,19,2
41,57,50,10,31,18,2
52,66,51,11,45,21,2
58,82,51,19,39,41,2
52,67,50,16,31,27,2
67,88,51,28,47,45,2
64,92,51,22,42,44,2
59,79,50,16,45,35,2
56,85,51,13,54,25,2
62,93,51,19,52,36,2
55,78,51,13,58,27,2
67,94,50,28,47,45,2
63,91,52,17,54,36,2
70,97,54,27,44,42,2
77,126,51,23,59,45,1
54,74,50,14,38,25,2
58,95,50,24,39,35,2
35,61,50,17,28,25,2
51,66,53,17,35,34,2
61,89,51,20,39,32,2
51,68,50,22,36,42,2
67,98,51,15,40,33,2
56,76,51,18,38,35,2
54,79,50,12,43,19,2
80,128,52,14,39,21,1
41,66,51,18,35,27,2
54,77,51,16,33,32,2
53,86,51,15,41,29,2
51,87,51,11,49,19,2
60,78,51,21,44,22,2
49,70,51,10,44,21,2
84,144,51,14,54,34,1
65,89,51,13,49,23,2
66,95,52,23,49,42,2
62,81,51,22,55,42,2
63,90,51,18,38,34,2
74,104,51,13,48,22,1
66,101,53,30,36,50,1
64,96,51,25,41,47,2
53,76,51,18,29,30,2
46,71,51,19,31,25,2
40,61,51,11,36,18,2
38,63,51,17,38,27,2
60,85,51,17,44,28,2
59,95,51,16,39,33,2
54,80,52,10,31,22,2
58,72,52,12,35,25,2
42,53,53,16,29,27,2
47,77,56,12,27,24,2
34,51,51,7,30,12,2
40,62,51,11,29,19,2
46,72,51,10,26,15,2
50,71,52,11,29,23,2
51,66,52,10,34,24,2
52,77,52,15,38,26,2
80,131,51,20,42,45,1
74,112,52,24,37,36,1
59,83,51,14,50,31,2
53,73,51,22,48,32,2
65,97,52,13,40,31,2
64,93,52,17,50,31,2
60,94,52,18,42,30,2
60,100,52,16,49,31,2
65,95,52,19,45,34,2
74,117,52,19,48,33,1
70,107,49,24,41,44,1
53,88,52,21,37,40,2
51,85,52,16,47,35,2
59,94,51,21,31,41,2
42,72,52,27,29,35,2
44,72,52,20,31,32,2
37,62,51,10,32,22,2
47,71,51,13,28,23,2
46,71,51,10,30,17,2
28,60,52,10,29,23,2
56,83,52,12,28,30,2
65,98,52,30,38,45,2
64,96,52,26,46,45,2
64,99,57,28,39,48,2
85,154,54,23,29,47,1
57,86,62,45,27,32,2
49,65,59,49,23,24,2
31,40,57,38,24,18,2
58,92,57,55,26,24,2
42,56,57,45,25,18,2
43,62,58,54,25,27,2
36,47,58,42,20,18,2
46,66,57,41,15,19,2
23,50,57,12,16,15,2
46,60,53,12,37,28,2
60,87,51,13,36,26,2
56,82,52,14,39,27,2
55,77,52,17,41,29,2
71,113,48,22,38,41,1
73,117,53,16,48,42,1
95,165,53,18,55,32,1
59,102,51,14,51,26,1
49,80,49,13,37,21,2
40,70,45,10,36,11,2
57,85,48,13,34,18,2
72,119,58,44,53,44,1
75,129,53,25,59,50,1
65,120,52,30,52,46,1
63,84,52,12,60,28,2
58,75,47,14,48,25,2
38,56,45,14,57,24,2
41,58,46,9,51,19,2
57,74,48,11,58,18,2
57,73,50,11,35,15,2
52,73,51,12,39,20,2
40,57,51,15,51,23,2
40,57,55,14,68,24,2
45,61,45,15,69,22,2
54,67,47,14,59,33,2
67,93,44,19,63,28,2
67,102,47,20,65,32,1
55,69,51,15,68,29,2
46,63,48,15,63,32,2
38,62,52,15,63,32,2
46,59,51,15,38,29,2
42,83,41,12,59,20,2
47,91,44,13,45,26,2
59,82,41,13,70,29,2
60,118,44,14,99,28,1
63,114,41,24,82,30,1
60,108,42,30,52,43,1
83,128,49,25,52,42,1
46,56,41,15,43,24,2
61,105,42,18,69,34,1
52,78,41,13,84,29,2
73,135,40,13,88,14,1
27,50,44,11,17,12,3
95,160,49,34,137,34,1
75,119,42,20,109,35,1
61,117,44,17,52,31,1
49,62,40,12,59,28,2
84,126,46,49,42,51,1
67,92,43,17,49,29,2
90,122,51,19,70,29,1
43,65,43,15,40,22,2
46,61,41,16,34,19,2
50,63,38,12,35,17,2
38,53,38,10,34,8,2
55,71,39,13,34,14,2
46,73,40,15,48,20,2
67,111,40,23,69,32,1
77,141,40,23,77,28,1
51,76,41,21,53,25,2
56,97,41,22,54,28,2
60,109,39,25,80,31,1
46,65,43,18,36,20,2
50,59,39,13,41,21,2
77,107,46,23,52,52,1
60,112,42,24,79,40,1
50,75,40,20,58,28,2
55,102,40,15,45,25,1
29,53,37,13,37,13,2
53,90,38,21,28,18,2
48,68,40,17,36,22,2
32,53,41,13,45,20,2
30,55,43,12,35,18,2
32,51,46,15,24,15,2
74,114,47,19,76,38,1
39,53,38,16,17,6,2
35,60,40,10,46,16,2
66,128,42,22,77,31,1
58,100,42,22,81,31,2
77,126,42,19,87,23,1
57,101,44,14,72,30,1
34,55,44,8,65,20,2
61,85,54,13,63,25,2
54,75,41,12,81,26,2
54,86,50,17,74,28,2
58,95,44,12,73,24,2
63,98,42,19,76,21,2
56,92,41,12,82,13,2
39,73,42,10,58,12,2
53,102,41,13,72,20,1
51,85,41,11,77,18,2
36,58,40,13,58,23,2
58,90,41,16,82,17,2
53,77,43,18,55,27,2
68,117,48,13,84,26,1
59,79,46,14,72,32,2
57,82,46,16,82,29,2
74,102,45,22,76,33,1
76,148,52,21,93,24,1
63,119,46,16,91,21,1
61,102,41,15,81,28,1
66,104,44,14,111,25,1
78,116,42,21,118,40,1
71,107,52,22,78,43,1
63,98,44,17,95,31,2
82,164,46,27,80,38,1
50,76,42,21,59,28,2
52,81,40,17,50,29,2
58,90,42,22,62,35,2
54,87,40,20,57,32,2
73,92,53,19,73,43,2
49,71,43,23,69,27,2
51,74,39,14,40,17,2
61,99,42,18,70,28,2
66,126,48,24,61,26,1
63,100,44,44,59,44,2
51,89,45,17,58,31,2
64,107,43,23,65,40,1
57,105,43,17,82,33,1
79,146,52,25,76,35,1
57,93,45,15,52,26,2
74,121,48,16,58,27,1
58,98,46,11,54,21,2
68,123,47,17,53,24,1
58,110,44,17,55,25,1
58,82,44,20,58,32,2
70,128,43,24,71,43,1
75,136,43,28,64,46,1
62,99,42,15,89,24,2
68,106,45,22,69,36,1
82,131,46,23,60,31,1
85,123,46,22,77,38,1
82,119,46,19,68,32,1
71,123,47,17,72,27,1
79,114,47,18,70,32,1
78,131,45,17,99,27,1
73,118,47,23,82,37,1
75,117,45,30,58,42,1
85,130,45,25,50,37,1
79,146,46,32,50,45,1
80,141,45,25,44,43,1
75,112,49,27,52,50,1
61,97,46,22,71,38,2
61,112,45,22,71,33,1
58,92,45,15,67,28,2
56,82,44,26,49,36,2
65,97,51,27,34,46,2
65,110,44,18,54,25,1
61,76,44,18,50,32,2
64,111,44,21,62,35,1
62,116,45,15,87,27,1
78,136,44,26,92,51,1
51,68,44,20,72,36,2
56,100,44,15,76,33,2
73,111,49,15,87,31,1
80,143,49,17,115,27,1
66,118,49,15,95,22,1
74,123,50,12,86,22,1
82,132,50,16,90,30,1
70,116,50,14,118,24,1
67,110,49,16,85,20,1
56,87,46,16,91,24,2
54,82,47,14,94,21,2
61,99,50,14,67,19,2
74,121,50,17,96,25,1
75,110,50,15,114,28,1
76,124,49,18,94,26,1
75,114,50,15,98,25,1
75,143,48,30,84,36,1
59,89,48,28,51,36,2
36,59,46,15,48,31,2
58,86,49,12,65,18,2
85,125,47,25,57,33,1
69,114,48,16,65,29,1
77,123,49,17,84,28,1
66,112,47,15,84,29,1
63,93,47,13,84,19,2
61,93,48,13,107,25,1
55,80,48,17,95,25,2
94,135,46,29,74,44,1
38,44,50,8,19,27,3
29,33,47,11,21,27,3
38,46,49,9,16,25,3
33,41,47,11,21,22,3
31,44,46,9,20,19,3
37,54,50,11,17,19,2
42,54,51,12,17,23,2
47,58,46,13,22,33,2
45,61,46,12,14,28,2
44,62,45,12,18,35,2
61,83,47,13,17,39,2
53,72,48,12,21,33,2
51,61,47,12,15,30,2
29,42,43,11,23,31,3
64,84,46,15,21,44,2
49,59,44,11,21,28,2
44,60,45,12,20,34,2
53,67,46,12,24,29,2
54,76,47,13,28,33,2
54,71,47,14,20,45,2
53,69,46,11,29,25,2
45,64,45,13,25,25,2
35,52,45,13,27,25,2
55,72,46,17,19,34,2
56,74,46,16,21,33,2
49,66,52,15,22,32,2
45,57,49,13,22,29,2
37,41,20,10,20,23,3
26,38,19,13,15,25,3
34,41,20,10,19,22,3
30,36,19,11,17,19,3
34,45,19,10,21,18,3
37,48,19,8,20,19,3
37,53,23,8,15,16,2
33,41,19,7,21,20,3
51,58,20,11,18,31,2
42,58,18,12,24,26,2
48,63,21,16,28,35,2
73,94,27,16,24,36,2
58,79,34,10,28,25,2
44,54,19,7,27,21,2
34,50,23,9,24,24,3
68,87,23,22,20,36,2
56,64,23,10,25,20,2
56,69,28,11,26,27,2
62,70,31,12,28,24,2
57,77,22,12,32,23,2
63,83,28,12,29,31,2
58,66,21,7,41,19,2
40,56,21,5,37,13,2
51,71,21,10,36,28,2
52,62,22,10,34,27,2
33,52,20,9,30,26,2
58,76,44,19,23,34,2
72,87,33,19,22,29,2
52,64,28,17,21,29,2
43,53,21,12,37,26,2
30,38,13,7,11,3,3
23,29,13,7,9,2,3
34,52,14,7,11,2,2
40,60,14,7,14,3,2
38,46,14,6,10,2,3
60,87,15,7,11,4,2
62,82,15,7,20,7,2
51,79,34,11,20,14,2
40,65,35,12,26,10,2
62,96,38,19,20,22,2
55,88,39,17,27,11,2
58,81,40,15,17,11,2
36,56,35,10,21,7,2
66,98,37,34,18,27,2
64,90,35,22,21,20,2
49,64,37,13,30,11,2
49,72,35,17,25,10,2
55,83,38,13,26,12,2
52,70,36,19,24,25,2
52,71,35,8,26,11,2
55,77,36,12,21,12,2
57,87,35,11,25,13,2
62,88,36,12,21,13,2
70,46,37,15,12,34,2
53,52,38,11,11,19,2
40,49,11,26,10,10,3
35,50,28,11,7,17,3
38,39,27,10,5,13,3
35,50,28,10,8,14,3
31,51,28,10,10,14,2
46,50,28,9,8,11,3
51,54,28,6,8,7,2
34,64,29,8,10,10,2
50,87,30,13,14,20,2
49,73,29,11,20,23,2
64,109,30,16,14,22,1
64,107,31,11,23,16,1
50,63,30,9,15,19,2
61,84,32,12,20,16,2
52,91,32,12,26,19,2
59,94,31,11,21,17,2
60,87,31,7,22,16,2
63,87,33,13,15,11,2
57,85,33,8,19,13,2
28,42,50,5,21,24,3
55,71,53,8,25,27,2
45,59,45,6,27,17,2
34,51,52,6,15,12,2
41,52,50,7,14,22,2
30,38,40,8,31,24,3
31,43,38,6,11,17,3
25,30,37,6,19,15,3
34,34,35,8,21,19,3
20,16,34,5,23,16,3
28,26,34,5,23,13,3
23,18,34,5,23,11,3
21,21,34,6,17,11,3
29,30,35,6,20,15,3
33,43,39,7,18,21,3
54,70,43,11,22,26,2
56,73,39,8,27,25,2
38,50,39,7,23,14,3
24,32,39,8,21,16,3
29,31,40,8,23,19,3
28,33,44,10,22,28,3
36,45,44,9,27,29,3
34,44,44,10,26,23,3
32,32,43,10,30,24,3
43,54,52,10,19,32,2
44,55,11,9,28,21,2
41,53,59,9,30,25,2
26,39,21,10,25,21,3
54,68,24,10,27,27,2
44,56,19,7,28,18,2
36,53,33,6,17,12,2
39,50,25,7,22,19,3
30,43,19,9,25,23,3
38,52,21,8,20,19,2
25,32,18,6,17,15,3
30,34,17,8,20,16,3
20,22,17,6,19,16,3
28,30,17,8,16,15,3
21,23,16,7,16,13,3
23,28,17,6,17,11,3
32,35,20,7,17,15,3
38,39,22,9,17,18,3
52,61,19,15,19,26,2
46,57,51,9,23,32,2
49,61,43,9,26,29,2
57,69,25,13,20,23,2
39,51,28,9,18,15,2
54,73,36,12,22,13,2
53,67,39,11,14,12,2
60,76,38,10,22,12,2
58,76,35,13,20,12,2
54,74,35,10,20,12,2
58,79,35,14,13,13,2
48,68,34,11,18,12,2
51,62,33,9,24,11,2
58,73,34,12,18,14,2
28,42,30,9,13,7,3
43,61,31,14,23,8,2
25,43,30,6,16,6,3
29,35,30,7,13,5,3
27,32,31,6,12,5,3
27,39,32,5,21,5,3
46,63,36,8,14,7,2
59,78,30,19,29,9,2
64,86,30,16,33,12,2
58,85,32,16,23,13,2
31,39,48,10,24,7,3
56,75,51,11,25,13,2
38,52,48,10,25,9,2
41,56,51,10,25,11,2
36,35,49,8,20,7,3
33,51,50,11,8,7,2
23,27,50,10,13,7,3
38,53,51,11,13,9,2
54,68,49,11,19,12,2
59,74,46,15,50,31,2
55,67,51,14,42,30,2
56,73,50,15,49,31,2
58,70,50,19,45,34,2
61,81,52,19,48,33,2
66,86,49,24,41,44,2
51,68,49,21,37,40,2
40,63,43,16,47,35,2
54,69,51,18,31,41,2
43,61,44,20,31,32,2
24,38,41,10,32,22,3
26,37,43,13,28,23,3
25,36,41,10,30,17,3
28,44,45,10,29,23,3
49,61,52,12,28,30,2
31,57,59,49,23,24,2
26,40,57,38,21,18,2
46,68,57,55,26,24,2
36,51,57,45,20,18,2
43,62,58,54,21,27,2
29,42,58,42,15,18,2
35,51,57,41,15,19,2
23,23,57,12,16,15,2
40,55,57,21,17,24,2
47,58,56,21,23,24,2
53,81,42,9,24,12,2
55,92,43,11,24,13,2
54,74,47,8,29,11,2
44,71,43,10,24,12,2
45,76,45,9,29,10,2
51,81,45,10,28,12,2
45,72,45,10,27,13,2
51,75,44,8,32,9,2
59,94,48,10,25,12,2
35,54,43,9,13,6,2
44,68,44,8,15,9,2
32,57,45,5,18,4,2
45,71,48,9,13,7,2
46,71,48,8,11,7,2
28,53,48,5,15,4,2
46,73,50,8,14,7,2
51,80,50,9,17,12,2
57,87,50,12,18,13,2
72,105,49,19,18,12,1
57,86,53,7,27,11,2
36,57,49,6,13,7,2
21,33,50,4,16,3,3
58,92,51,10,17,11,2
42,51,50,5,16,5,2
36,57,51,7,14,6,2
17,26,48,4,11,2,3
46,66,49,8,8,5,2
36,51,51,8,13,5,2
64,93,52,7,27,19,2
60,94,52,9,20,18,2
55,100,52,7,26,17,2
65,95,52,9,18,14,2
74,117,52,9,21,13,1
53,88,52,11,13,18,2
50,85,52,6,25,18,2
54,91,51,10,12,18,2
42,72,52,8,10,11,2
44,72,52,6,10,16,2
37,62,51,3,16,10,2
47,67,51,6,8,15,2
39,66,51,5,8,12,2
27,60,52,1,13,8,2
56,83,52,5,14,13,2
65,98,52,14,13,15,2
61,96,52,7,17,19,2
64,99,52,10,20,15,2
85,154,52,10,11,13,1
53,77,54,5,16,19,2
49,65,52,5,10,12,2
22,39,52,2,11,8,2
32,64,52,7,8,12,2
41,58,17,9,34,2,2
52,69,21,21,18,8,2
31,51,23,11,18,1,2
60,72,20,23,21,5,2
53,59,31,13,25,3,2
44,55,47,10,24,9,2
32,43,52,9,24,8,2
31,35,49,9,12,7,3
30,47,53,11,15,9,2
38,50,50,13,26,11,3
31,48,45,10,13,7,3
25,42,44,10,9,5,3
28,49,47,11,9,4,3
25,39,48,10,12,5,3
37,44,45,11,21,8,3
42,65,47,13,25,10,2
53,69,49,12,28,13,2
57,78,47,11,26,18,2
51,70,45,11,31,14,2
46,57,44,11,24,7,2
34,40,42,11,11,6,3
40,52,45,12,9,6,2
55,71,55,12,10,11,2
53,63,53,11,9,10,2
42,57,51,10,12,9,2
30,50,56,6,10,16,2
41,45,45,8,11,20,3
47,56,44,11,21,25,2
33,45,41,8,14,27,3
50,60,43,10,20,26,2
37,56,44,9,21,27,2
50,65,55,9,16,30,2
44,61,56,16,20,19,2
34,43,59,15,21,19,2
28,34,57,13,21,16,2
31,49,60,17,21,26,2
37,53,57,26,21,35,2
30,43,56,14,18,19,2
23,44,56,11,17,15,2
28,60,56,10,17,10,2
24,44,57,9,19,17,2
35,51,56,10,20,21,2
40,65,58,18,28,27,2
69,87,60,17,38,32,2
62,81,58,13,44,20,2
57,79,58,25,37,40,2
48,54,57,12,22,23,2
35,48,56,10,19,17,2
39,47,57,12,15,17,2
56,66,63,15,17,27,2
55,62,58,19,15,30,2
36,58,59,13,16,25,2
44,58,57,23,14,32,2
37,52,59,11,16,15,2
27,53,62,8,17,9,2
33,50,60,11,17,14,2
37,45,60,10,13,14,2
39,43,58,14,13,20,2
26,43,51,5,16,2,2
23,40,51,5,16,3,2
30,44,53,5,15,4,2
40,59,53,10,18,7,2
50,73,51,10,11,7,2
49,66,51,6,10,4,2
45,62,51,6,10,3,2
46,71,51,9,10,6,2
50,70,50,8,10,6,2
43,74,54,9,24,3,2
56,80,55,10,36,5,2
49,70,54,13,24,3,2
49,66,55,9,15,2,2
39,57,54,7,10,2,2
57,87,57,9,8,3,2
43,65,57,9,6,4,2
57,79,55,9,9,3,2
45,69,54,9,9,2,2
45,63,52,7,7,2,2
28,53,53,6,9,1,2
22,31,52,5,9,0,2
25,27,53,5,9,1,2
40,64,56,9,12,2,2
59,75,56,8,10,2,2
50,67,56,9,9,3,2
54,43,55,11,10,3,2
58,44,54,9,15,2,2
65,55,16,22,16,15,2
27,53,53,3,12,10,2
19,43,53,3,11,9,2
17,51,53,4,9,10,2
21,59,53,19,14,11,2
38,68,53,16,12,10,2
30,64,53,14,9,7,2
21,60,53,13,9,5,2
37,68,53,15,9,8,2
32,63,53,13,11,8,2
36,81,54,14,23,12,2
54,91,54,17,19,19,2
47,73,54,12,15,11,2
45,66,53,13,7,8,2
42,80,54,14,8,14,2
40,79,54,16,7,10,2
39,65,54,13,11,10,2
43,75,54,14,10,10,2
37,51,53,11,11,4,2
32,43,53,10,11,3,2
52,53,55,10,10,5,2
41,61,54,13,12,11,2
50,66,54,13,10,15,2
44,68,54,14,7,17,2
53,82,54,20,8,11,2
51,65,53,14,14,13,2
56,90,54,16,15,20,2
35,34,17,5,39,13,3
35,50,22,8,26,22,3
55,69,55,8,12,2,2
52,72,53,12,9,3,2
24,50,63,6,11,3,2
3,65,89,11,9,11,2
10,62,79,10,12,8,2
30,49,54,7,12,1,2
11,50,62,8,10,3,2
37,51,53,8,8,3,2
24,40,53,7,11,1,2
29,41,52,7,9,2,2
23,32,52,7,10,2,2
24,31,53,8,8,3,2
24,34,52,7,9,2,2
20,33,53,6,9,1,2
30,48,54,7,6,1,2
25,39,19,8,14,13,3
27,37,20,7,25,16,3
29,40,18,10,26,24,3
22,34,16,10,31,25,3
37,47,16,9,35,23,3
29,47,17,8,36,18,3
30,41,53,7,9,1,2
49,69,14,9,16,3,2
51,73,13,9,14,3,2
29,44,13,6,9,1,3
37,57,13,8,11,3,2
22,49,14,8,15,5,3
46,61,14,7,18,5,2
33,49,14,6,17,3,3
28,45,13,6,21,3,3
46,63,14,7,17,4,2
51,65,55,12,13,16,2
46,66,53,13,8,15,2
40,53,54,10,9,12,2
55,74,55,14,9,12,2
44,71,54,16,7,10,2
41,56,54,11,12,4,2
38,65,54,12,12,10,2
44,61,53,15,7,15,2
44,61,53,13,7,10,2
31,42,53,10,11,6,2
38,51,53,12,8,9,2
33,42,53,12,8,10,2
35,51,53,14,7,8,2
31,39,53,11,7,6,2
33,48,53,11,9,5,2
29,53,26,5,7,8,2
33,48,27,6,8,9,3
51,75,27,11,14,14,2
60,82,27,13,13,14,2
52,56,26,12,6,7,2
40,41,26,6,6,6,3
39,43,27,6,9,8,3
50,59,27,11,8,14,2
51,49,26,9,10,17,2
45,55,26,11,14,18,2
40,52,27,8,15,12,2
46,50,27,7,16,15,3
54,61,29,10,14,18,2
49,69,47,9,34,21,2
64,98,50,11,34,32,2
52,68,50,9,32,29,2
35,51,46,10,29,31,2
45,63,46,12,38,35,2
49,66,45,9,41,31,2
54,80,49,12,33,34,2
51,69,48,11,40,30,2
48,71,50,11,25,34,2
65,92,52,10,34,30,2
61,84,53,10,33,25,2
31,41,52,9,15,16,2
39,63,52,10,28,24,2
37,63,50,9,30,29,2
46,71,51,12,21,32,2
56,77,51,12,21,35,2
61,81,52,11,18,32,2
57,84,53,10,25,25,2
60,91,52,12,24,34,2
63,93,53,10,23,28,2
66,99,52,10,27,27,2
60,86,47,11,37,36,2
68,96,51,10,21,35,2
66,101,52,11,16,38,1
64,93,52,14,25,32,2
66,99,39,15,30,32,2
67,98,41,11,32,26,2
57,89,38,10,32,29,2
65,98,38,11,26,30,2
62,93,39,10,31,27,2
60,89,37,10,31,36,2
50,61,23,7,35,16,2
69,97,33,10,36,21,2
58,70,31,7,35,19,2
43,55,26,7,32,20,2
52,70,52,10,38,27,2
51,65,50,7,45,21,2
57,73,51,12,40,29,2
51,68,50,12,39,28,2
70,94,52,8,42,19,2
71,88,52,7,37,21,2
34,43,48,4,25,10,3
53,69,52,6,32,18,2
53,77,51,10,29,26,2
59,77,51,9,37,26,2
70,87,51,9,35,22,2
69,86,52,7,31,20,2
71,95,52,8,34,21,2
68,87,52,8,37,17,2
71,93,53,9,31,24,2
72,98,52,8,39,16,2
68,89,52,13,38,27,2
79,99,53,14,27,33,2
77,99,53,10,28,25,2
77,100,54,11,39,28,2
78,100,55,11,34,28,2
73,95,53,8,36,22,2
64,87,54,8,36,22,2
72,91,51,10,35,20,2
74,96,51,9,38,20,2
74,98,54,12,36,31,2
56,80,50,12,21,10,2
52,69,50,9,14,12,2
34,50,49,9,19,12,3
47,72,50,17,22,15,2
47,67,50,9,26,12,2
54,75,49,18,23,19,2
62,86,50,14,29,13,2
47,68,50,16,27,16,2
73,103,51,12,24,16,1
65,94,51,9,16,15,2
35,51,52,2,16,10,2
54,78,51,8,19,17,2
54,74,50,9,25,12,2
64,80,51,6,31,11,2
58,83,51,7,28,14,2
62,85,51,6,26,11,2
77,107,51,6,22,16,1
74,95,53,7,25,15,2
67,90,51,11,24,12,2
58,76,49,16,24,12,2
58,84,40,11,29,28,2
62,91,41,10,31,19,2
60,86,40,10,26,19,2
59,89,37,10,25,22,2
54,75,36,12,29,24,2
59,76,35,12,21,27,2
54,78,38,12,20,31,2
67,91,51,16,27,13,2
86,114,52,18,22,23,1
75,103,52,10,25,16,1
69,88,51,7,32,13,2
75,101,51,8,27,13,1
79,100,51,6,25,16,2
78,38,51,11,20,19,2
84,39,50,3,23,18,2
66,37,26,31,23,21,2
34,44,51,11,20,19,2
29,46,49,12,24,17,3
53,71,52,13,19,29,2
46,61,51,13,12,24,2
44,68,51,14,22,29,2
47,63,49,13,14,31,2
43,65,52,12,21,23,2
59,82,51,12,35,26,2
57,79,52,13,23,27,2
38,53,48,11,17,18,2
27,51,47,12,14,17,2
31,51,46,11,9,14,2
27,49,45,10,11,14,3
33,57,48,12,14,26,2
65,94,52,12,27,53,2
48,63,50,11,21,22,2
42,58,48,11,18,24,2
51,72,52,9,27,26,2
51,75,50,9,33,27,2
43,60,45,11,35,27,2
49,71,46,9,36,23,2
45,66,46,11,32,18,2
45,64,50,8,38,12,2
42,64,47,9,32,21,2
33,48,45,9,25,19,3
35,53,46,11,23,21,2
50,68,45,11,30,31,2
34,51,45,8,29,21,2
52,81,46,13,36,31,2
61,87,50,10,42,26,2
31,40,22,6,24,14,3
27,41,22,7,26,18,3
64,79,40,12,31,29,2
50,56,22,10,21,21,2
48,68,26,9,36,24,2
57,70,25,9,30,26,2
50,71,31,8,34,20,2
67,87,30,8,49,23,2
71,92,35,15,32,34,2
31,39,21,5,27,12,3
24,32,22,6,19,13,3
27,35,20,6,16,12,3
27,36,19,6,19,13,3
40,57,25,9,28,21,2
64,77,30,14,34,31,2
50,62,26,9,28,23,2
45,56,25,8,27,21,2
55,71,37,6,35,18,2
56,75,29,10,45,22,2
48,67,24,13,47,26,2
54,72,22,8,49,15,2
47,64,37,7,44,11,2
46,64,21,4,51,6,2
51,65,41,6,39,17,2
37,52,25,6,34,15,2
42,57,32,7,27,13,2
53,70,26,13,33,23,2
40,54,21,4,35,12,2
56,74,22,9,42,18,2
64,84,29,7,47,15,2
35,56,34,5,10,6,2
52,71,36,9,12,15,2
51,69,35,6,11,8,2
52,71,39,9,14,12,2
56,76,36,7,17,12,2
47,60,39,7,13,7,2
57,82,38,8,25,8,2
51,66,37,8,14,11,2
50,57,35,6,8,5,2
40,60,50,4,9,7,2
50,63,51,5,11,11,2
45,58,50,6,9,13,2
46,60,49,6,15,10,2
41,63,48,5,15,8,2
47,64,51,7,21,12,2
51,68,48,9,23,12,2
43,61,49,9,24,11,2
64,46,50,9,18,12,2
64,50,50,12,26,14,2
37,58,32,3,11,8,2
50,70,34,3,17,13,2
65,88,33,5,16,14,2
57,82,33,6,17,11,2
51,72,32,4,19,13,2
62,86,38,5,20,14,2
55,83,38,12,20,28,2
55,83,37,11,26,27,2
55,81,40,10,24,28,2
53,76,38,12,25,31,2
62,95,43,11,23,35,2
66,101,39,11,22,35,1
65,97,45,11,32,35,2
54,69,38,11,21,29,2
42,67,38,12,15,23,2
42,62,40,10,17,17,2
52,73,42,11,13,27,2
57,89,40,12,25,32,2
63,92,40,12,36,33,2
59,90,39,12,36,35,2
56,82,40,11,21,28,2
55,82,41,11,21,25,2
52,76,38,12,24,22,2
60,87,40,11,21,24,2
56,84,39,11,23,22,2
52,80,39,14,27,25,2
62,94,41,16,24,38,2
74,114,42,13,30,35,1
58,84,41,12,23,25,2
57,77,38,11,33,23,2
63,97,42,11,36,34,2
63,92,38,11,25,33,2
71,109,41,13,26,43,1
67,94,44,11,24,32,2
63,93,42,11,27,27,2
62,93,42,11,32,20,2
60,83,39,12,26,20,2
62,76,51,11,34,26,2
64,79,51,13,36,30,2
61,78,51,8,34,19,2
58,73,50,9,36,22,2
82,105,55,12,37,26,1
73,87,51,13,28,36,2
69,86,57,12,22,38,2
60,70,53,15,23,33,2
60,69,53,12,21,23,2
54,67,52,6,27,16,2
69,83,58,9,23,22,2
70,91,53,9,43,23,2
75,91,55,10,41,28,2
68,84,51,9,50,22,2
67,79,52,10,38,26,2
63,76,53,8,33,19,2
57,69,52,8,31,19,2
73,86,54,7,34,18,2
70,89,54,9,37,20,2
77,97,53,9,42,19,2
74,82,55,7,29,22,2
66,72,53,5,33,14,2
68,82,54,6,39,18,2
75,89,54,6,44,18,2
71,81,54,6,39,16,2
67,78,55,7,36,17,2
70,84,58,7,40,18,2
76,90,59,8,37,22,2
69,91,56,8,44,21,2
75,82,54,8,30,24,2
52,59,52,6,37,17,2
61,75,52,6,39,17,2
63,75,53,5,38,13,2
65,77,53,6,37,15,2
61,77,54,7,36,20,2
73,90,53,10,44,26,2
71,93,54,6,38,17,2
73,93,55,7,44,21,2
66,75,52,4,43,11,2
68,89,53,6,45,15,2
74,87,53,10,29,26,2
73,91,56,7,33,24,2
75,97,57,7,45,22,2
76,105,42,10,49,27,1
64,73,55,10,21,14,2
64,75,54,9,22,12,2
70,82,53,7,22,12,2
70,83,53,8,21,11,2
66,77,53,6,26,10,2
69,78,53,5,24,10,2
88,113,53,6,30,16,1
76,89,53,6,24,14,2
64,72,53,8,27,9,2
66,76,53,8,31,9,2
74,89,53,9,29,14,2
77,96,53,8,27,14,2
69,84,53,8,25,11,2
60,74,53,8,28,8,2
75,90,54,9,27,16,2
69,82,54,9,31,11,2
66,76,54,7,23,13,2
54,59,53,7,22,6,2
64,77,53,7,28,13,2
68,82,53,6,26,9,2
65,78,53,6,24,10,2
74,93,55,8,28,21,2
69,83,55,8,29,23,2
62,76,54,9,38,24,2
67,78,54,10,37,31,2
80,99,55,10,39,27,2
64,75,54,6,33,17,2
67,77,55,6,37,18,2
73,91,56,11,30,38,2
70,88,57,8,39,24,2
85,112,55,14,36,33,1
81,93,56,10,26,25,2
79,98,57,9,32,27,2
78,94,56,8,36,18,2
71,82,55,8,33,16,2
61,79,53,9,21,13,2
62,79,52,10,24,11,2
57,75,53,8,29,12,2
62,73,52,9,25,13,2
76,107,52,12,28,16,1
78,97,53,6,21,13,2
59,66,52,10,19,17,2
47,57,52,9,15,13,2
54,67,53,5,20,10,2
65,81,54,10,22,16,2
67,88,53,9,27,14,2
65,79,52,5,37,10,2
65,78,53,7,30,11,2
54,63,53,6,25,9,2
56,65,53,6,22,9,2
53,68,53,6,30,9,2
70,85,54,7,26,12,2
64,77,53,6,26,10,2
72,91,54,10,32,16,2
86,108,54,10,36,13,1
72,85,53,8,24,15,2
72,84,53,7,27,10,2
76,96,54,5,23,15,2
75,83,53,7,25,13,2
84,100,53,7,28,21,2
82,95,53,6,31,18,2
65,42,53,7,27,13,2
71,42,53,8,28,12,2
63,39,18,16,27,24,2
56,79,41,10,19,24,2
51,74,42,9,22,24,2
60,82,40,9,32,29,2
62,91,38,11,39,24,2
57,91,39,8,33,22,2
58,97,39,11,30,22,2
72,114,40,13,28,39,1
67,90,41,10,19,29,2
58,79,39,9,24,24,2
58,87,41,10,27,31,2
66,96,40,10,29,29,2
66,98,42,12,28,28,2
59,87,43,12,27,24,2
56,82,42,12,30,25,2
61,90,46,11,26,33,2
63,93,42,12,28,35,2
61,87,42,11,21,29,2
46,67,40,12,24,22,2
56,84,41,12,28,28,2
59,86,42,13,30,20,2
57,82,40,13,28,21,2
59,88,42,14,25,30,2
64,96,41,14,29,37,2
64,89,45,12,26,27,2
60,90,45,13,40,35,2
77,84,42,8,30,23,2
64,94,40,12,42,23,2
62,85,41,13,28,30,2
63,90,45,14,23,30,2
64,90,44,13,32,32,2
68,104,44,13,39,34,1
67,79,57,7,27,22,2
66,77,56,7,24,23,2
68,79,54,7,32,20,2
74,90,54,7,40,18,2
54,81,44,11,21,22,2
56,75,43,13,15,23,2
48,74,38,11,31,25,2
63,92,42,11,32,23,2
60,89,38,12,23,24,2
57,80,44,10,19,26,2
56,81,39,11,24,26,2
60,92,40,11,20,32,2
56,75,36,11,28,25,2
57,85,46,13,23,28,2
58,87,44,10,21,27,2
42,64,36,11,31,25,2
56,75,41,14,25,28,2
55,87,41,10,36,26,2
63,98,37,13,33,35,2
55,78,39,10,28,24,2
51,74,37,10,34,29,2
55,83,36,10,39,24,2
54,77,37,12,33,29,2
64,94,42,11,28,30,2
43,67,38,11,25,25,2
36,56,37,9,24,16,2
38,65,36,10,28,18,2
72,94,53,10,40,25,2
74,95,53,8,33,18,2
69,87,55,7,33,17,2
67,87,51,8,36,16,2
61,79,53,9,34,21,2
65,83,53,11,30,27,2
69,86,56,17,23,35,2
68,87,53,8,26,20,2
69,82,54,8,21,20,2
58,83,52,8,38,18,2
70,98,55,8,34,18,2
65,92,51,9,35,19,2
66,84,55,7,28,18,2
65,84,51,7,36,17,2
70,97,57,11,28,30,2
59,73,52,14,21,31,2
76,93,63,14,23,31,2
59,67,51,9,28,20,2
61,72,53,16,20,28,2
65,88,54,7,34,22,2
73,92,52,10,35,25,2
67,86,54,8,27,18,2
59,75,52,7,38,20,2
61,80,50,8,37,19,2
59,74,51,10,33,25,2
75,96,55,10,38,30,2
56,67,54,8,26,24,2
40,55,51,5,33,14,2
48,62,52,6,32,15,2
59,74,51,7,30,12,2
74,99,51,8,24,14,2
75,101,51,4,29,13,1
64,80,50,3,26,10,2
58,72,51,4,26,13,2
57,65,50,4,23,11,2
52,64,50,6,21,14,2
62,77,51,4,22,14,2
65,84,51,4,21,21,2
57,72,50,3,23,10,2
73,97,51,5,28,15,2
64,82,52,7,23,14,2
68,86,52,7,25,12,2
61,78,52,10,20,18,2
70,87,52,6,16,15,2
55,69,52,6,15,16,2
71,97,53,16,20,20,2
52,62,52,8,20,10,2
53,62,53,18,16,23,2
63,83,52,11,25,11,2
75,99,53,16,22,14,2
59,76,53,10,24,11,2
62,74,54,11,25,15,2
65,80,53,12,29,14,2
55,64,53,15,25,13,2
58,71,53,11,26,11,2
44,57,53,10,24,13,2
37,37,52,7,22,8,2
41,36,52,6,29,7,2
71,101,42,12,35,37,1
74,108,43,11,34,33,1
63,93,43,11,42,20,2
62,89,45,11,31,29,2
66,99,46,16,27,36,2
60,93,47,16,32,35,2
62,95,47,15,33,30,2
66,102,49,14,24,34,1
46,88,54,13,26,27,2
58,82,41,11,29,23,2
62,91,41,10,35,29,2
56,82,41,10,18,24,2
55,86,41,10,31,26,2
55,73,42,9,29,29,2
58,82,44,8,29,27,2
60,88,46,7,33,26,2
57,76,43,6,33,20,2
53,76,42,6,32,20,2
60,88,41,9,33,30,2
62,84,43,8,21,33,2
61,84,44,8,29,32,2
60,87,44,9,29,30,2
57,86,45,8,33,31,2
55,78,44,7,30,23,2
59,84,46,9,35,30,2
58,89,45,8,27,34,2
57,88,46,9,23,33,2
58,99,46,8,29,23,2
58,88,47,8,29,22,2
81,101,32,8,49,26,1
77,91,28,7,44,25,2
71,89,26,5,53,12,2
66,83,29,6,44,16,2
77,103,43,9,36,31,1
67,88,26,9,40,26,2
68,96,22,8,40,24,2
75,97,25,7,37,21,2
69,91,22,6,41,16,2
67,89,22,7,41,17,2
65,86,20,7,45,18,2
65,90,21,8,25,24,2
61,84,20,6,37,17,2
61,77,20,7,37,19,2
65,86,19,7,37,17,2
67,90,22,7,40,18,2
64,79,20,6,39,14,2
56,71,19,5,44,15,2
69,80,19,5,42,20,2
69,85,21,8,28,25,2
65,83,20,6,37,17,2
68,87,21,7,40,25,2
65,83,22,6,37,19,2
56,75,20,6,42,17,2
75,105,23,11,48,29,1
64,84,20,6,42,21,2
63,82,20,7,37,23,2
66,89,21,7,38,19,2
68,98,23,8,33,22,2
66,88,54,8,44,12,2
72,91,54,8,31,22,2
59,80,54,8,38,8,2
54,69,54,9,36,6,2
60,82,54,10,33,9,2
60,81,55,10,33,9,2
71,93,55,10,35,15,2
67,87,55,9,32,12,2
61,78,54,6,28,8,2
57,68,54,7,28,6,2
59,72,54,6,30,5,2
57,70,54,7,21,5,2
56,83,54,5,26,6,2
54,68,54,7,29,7,2
58,77,54,8,28,7,2
61,86,54,9,31,9,2
61,74,54,8,28,10,2
54,72,54,8,25,13,2
59,81,54,9,32,13,2
62,80,53,9,29,15,2
59,72,53,9,31,11,2
57,70,54,8,22,11,2
52,70,54,9,34,10,2
54,65,54,9,33,7,2
55,72,54,9,35,6,2
53,66,55,9,30,9,2
59,74,55,10,30,10,2
56,73,54,9,28,8,2
62,47,56,9,24,9,2
88,121,27,26,39,22,1
89,117,29,22,28,17,1
80,111,28,21,29,16,1
69,99,27,18,27,15,2
81,152,27,19,19,19,1
71,107,28,17,23,15,1
62,93,27,16,24,13,2
70,108,27,21,29,18,1
76,113,28,20,26,18,1
77,110,27,19,25,15,1
59,86,28,16,28,12,2
77,109,28,24,40,21,1
71,98,28,21,26,17,2
69,101,28,24,29,19,1
68,93,28,20,26,23,2
78,111,28,22,30,20,1
65,92,28,23,26,16,2
85,249,28,18,26,20,0
163,287,29,17,29,19,0
129,143,29,21,24,23,1
49,89,28,18,40,20,2
59,90,27,20,49,24,2
63,83,30,18,56,23,2
41,78,26,17,53,20,2
48,73,27,16,50,15,2
45,74,27,16,60,16,2
29,74,26,16,37,14,2
52,75,27,16,58,15,2
24,66,27,16,48,14,2
42,74,27,17,57,15,2
41,78,28,17,56,17,2
39,69,26,15,59,12,2
54,83,25,15,73,17,2
48,77,26,17,55,24,2
50,76,26,17,58,20,2
46,70,27,15,56,16,2
39,70,27,15,49,18,2
70,87,53,6,24,13,2
65,78,53,7,28,8,2
71,88,54,7,29,12,2
64,85,54,6,33,9,2
65,87,53,6,30,9,2
65,89,53,7,30,10,2
64,45,54,9,22,13,2
69,44,54,11,24,11,2
68,44,22,27,30,32,2
35,66,26,16,53,16,2
51,74,27,16,64,16,2
11,78,29,19,42,21,2
53,85,28,17,43,15,2
53,83,30,18,49,17,2
69,89,21,6,42,18,2
75,104,22,9,41,26,1
73,91,23,6,38,20,2
62,81,23,6,31,20,2
67,89,21,10,28,28,2
60,78,20,7,32,16,2
64,85,21,7,31,20,2
66,90,23,8,30,26,2
64,85,22,8,37,28,2
78,106,28,13,35,40,1
82,109,24,12,39,33,1
72,93,20,9,39,26,2
74,92,23,8,40,21,2
65,86,20,8,43,21,2
73,96,21,8,44,25,2
70,91,54,7,36,5,2
66,84,55,7,32,5,2
56,68,54,8,32,4,2
60,74,55,6,32,5,2
64,79,55,5,26,4,2
59,80,54,5,28,4,2
66,88,54,4,28,3,2
56,71,54,6,25,2,2
55,66,55,5,27,1,2
63,76,54,4,25,3,2
67,93,54,5,32,2,2
59,78,54,5,34,3,2
57,72,54,6,28,2,2
59,78,55,7,27,3,2
72,91,55,5,30,2,2
70,94,55,8,31,4,2
63,77,55,7,32,3,2
56,73,55,6,31,2,2
64,80,55,5,28,4,2
62,84,55,5,37,3,2
70,86,55,7,33,3,2
65,89,55,8,34,4,2
59,69,56,4,36,3,2
63,78,55,4,32,3,2
63,79,55,5,36,2,2
67,81,54,5,31,2,2
63,47,55,8,28,48,2
60,45,55,6,36,38,2
66,45,22,25,40,33,2
126,199,29,26,27,25,1
86,120,30,25,24,25,1
64,93,29,15,28,19,2
76,115,29,20,26,25,1
84,123,28,20,21,12,1
80,111,28,20,24,15,1
97,141,29,33,23,28,1
97,148,29,21,21,16,1
80,122,28,17,20,11,1
88,121,30,16,18,10,1
75,106,31,18,19,14,1
82,123,30,22,23,15,1
82,121,29,19,29,12,1
78,110,29,20,24,17,1
79,117,29,20,20,14,1
82,122,30,20,22,16,1
75,122,43,5,37,29,1
76,122,43,8,35,31,1
58,86,41,7,36,26,2
65,95,43,7,30,33,2
62,89,46,5,27,26,2
59,86,46,5,39,26,2
72,107,46,5,30,38,1
64,92,49,4,29,27,2
58,85,48,5,25,23,2
59,78,50,5,36,26,2
53,74,48,4,31,26,2
62,93,47,4,34,33,2
63,89,47,3,41,26,2
64,108,50,9,29,34,1
65,93,51,9,25,30,2
62,78,50,6,29,23,2
63,88,49,6,24,33,2
60,91,47,4,37,25,2
62,86,48,6,37,27,2
63,96,47,5,21,35,2
58,81,44,5,31,32,2
65,99,46,8,31,37,2
67,102,47,8,29,36,1
66,97,47,6,34,36,2
65,94,47,7,36,26,2
59,83,45,6,40,29,2
67,95,45,5,48,33,2
82,109,20,10,40,24,1
79,100,23,8,42,21,2
59,74,19,6,44,19,2
72,93,24,7,46,21,2
66,83,22,5,34,16,2
68,86,24,6,38,19,2
81,107,22,12,33,32,1
71,93,23,6,37,16,2
62,88,21,6,31,18,2
63,79,20,4,33,11,2
59,75,19,4,32,12,2
69,93,21,6,41,17,2
69,90,21,5,44,13,2
70,95,20,8,37,23,2
64,83,21,6,37,14,2
65,86,23,7,38,19,2
59,70,52,7,31,9,2
61,86,42,8,38,41,2
58,84,42,6,35,38,2
64,89,43,9,39,37,2
68,97,45,8,33,41,2
51,63,44,8,40,29,2
53,73,43,8,34,29,2
60,85,43,7,37,30,2
55,74,41,6,40,25,2
61,89,44,6,46,30,2
64,107,44,8,41,33,1
64,89,39,15,35,30,2
57,79,42,16,45,25,2
58,81,43,18,36,29,2
57,79,43,16,34,26,2
47,66,40,16,38,30,2
57,81,42,16,41,37,2
52,75,41,16,40,36,2
53,120,41,14,34,31,1
54,80,43,16,32,24,2
52,75,43,15,39,24,2
57,87,44,15,36,30,2
50,69,42,13,43,30,2
56,93,44,11,38,30,2
70,101,44,11,33,38,1
65,83,43,14,4,29,2
55,75,43,15,15,25,2
58,76,43,14,31,26,2
62,96,45,15,29,34,2
58,82,44,11,31,26,2
38,67,43,12,34,34,2
70,88,25,10,33,34,2
62,85,20,13,39,35,2
69,98,22,15,32,45,2
70,102,29,14,29,44,1
56,66,24,8,30,24,2
60,77,20,15,23,32,2
61,83,19,9,28,25,2
56,75,18,6,33,19,2
66,96,20,8,36,23,2
74,104,22,11,36,32,1
67,89,19,9,42,29,2
68,90,22,10,37,27,2
72,94,24,12,29,33,2
63,79,22,7,31,21,2
50,67,22,8,32,24,2
59,81,19,13,40,39,2
54,73,18,9,35,31,2
57,75,21,10,32,28,2
52,68,21,5,36,18,2
55,81,21,7,36,25,2
50,63,19,7,46,23,2
59,84,32,8,36,27,2
72,99,33,14,29,47,2
60,72,33,13,19,37,2
52,68,32,15,24,33,2
56,68,33,6,34,23,2
54,73,32,10,26,31,2
62,78,36,7,28,24,2
38,59,32,8,33,26,2
59,70,55,2,33,3,2
55,68,55,1,33,4,2
63,72,55,1,35,4,2
63,75,55,2,31,6,2
45,51,54,2,22,2,2
64,75,55,11,26,5,2
62,72,56,12,35,3,2
63,70,55,12,35,5,2
63,64,54,10,26,8,2
53,56,53,12,30,6,2
52,59,54,13,27,10,2
52,64,55,12,27,9,2
41,62,55,12,25,7,2
52,78,56,13,31,12,2
51,72,55,14,32,12,2
51,76,55,12,23,10,2
45,68,55,13,27,10,2
48,66,55,11,29,8,2
50,73,55,12,25,13,2
44,63,55,13,32,10,2
51,82,56,14,31,16,2
66,101,55,12,22,21,1
56,75,56,12,16,15,2
46,62,56,13,19,16,2
54,77,56,13,27,16,2
55,80,57,13,24,14,2
56,44,56,13,18,12,2
37,43,55,13,21,8,2
80,104,34,24,24,27,1
80,109,29,31,27,26,1
82,108,29,34,24,28,1
89,124,30,32,19,27,1
81,129,29,18,24,14,1
88,122,29,25,24,21,1
82,116,30,19,23,14,1
75,106,29,16,23,10,1
77,109,30,24,19,21,1
77,114,29,26,23,20,1
86,133,29,20,22,16,1
75,107,29,20,27,17,1
61,103,28,20,34,17,1
82,114,30,29,26,22,1
83,116,30,27,27,23,1
81,122,29,26,22,22,1
94,150,30,20,25,16,1
92,108,32,22,28,20,1
81,108,29,22,33,20,1
61,86,27,18,71,15,2
23,65,28,15,55,11,2
15,69,29,17,52,18,2
14,65,29,16,57,15,2
15,74,28,17,56,19,2
59,75,28,17,58,16,2
59,75,29,15,69,14,2
59,77,29,17,55,16,2
56,67,29,16,48,15,2
54,70,30,16,56,16,2
69,87,30,18,59,18,2
65,85,30,19,57,20,2
59,69,32,16,56,16,2
45,58,31,14,56,14,2
62,74,30,22,48,22,2
62,76,30,19,62,16,2
62,73,30,17,66,15,2
64,80,31,20,49,22,2
56,67,30,19,61,22,2
67,83,31,25,57,28,2
65,82,29,20,55,21,2
62,74,30,17,53,19,2
57,70,31,17,54,16,2
56,69,30,17,58,15,2
59,74,28,22,15,16,2
71,107,29,26,18,19,1
66,92,29,21,18,18,2
73,109,30,20,24,19,1
78,109,30,27,27,24,1
67,90,28,23,24,17,2
65,93,30,21,23,15,2
75,109,30,22,19,16,1
55,79,29,20,15,15,2
63,95,30,25,21,26,2
65,87,30,27,25,28,2
59,89,30,18,19,18,2
58,74,30,19,24,19,2
67,75,31,21,21,22,2
83,82,29,41,20,29,2
63,54,29,25,15,21,2
55,33,30,28,17,19,2
67,57,31,19,24,20,2
71,105,30,19,22,14,1
46,67,29,18,23,17,2
59,101,31,20,52,21,1
59,100,31,22,54,23,2
59,101,32,22,49,22,1
64,102,33,25,43,28,1
46,68,31,19,40,20,2
53,86,31,24,33,22,2
54,88,33,18,40,18,2
51,80,31,15,42,11,2
55,89,33,16,51,14,2
58,93,33,17,60,15,2
58,91,32,18,57,17,2
52,79,31,17,45,14,2
53,85,32,21,38,17,2
51,78,31,17,41,16,2
39,64,31,18,49,16,2
51,78,33,19,52,19,2
52,78,31,19,50,17,2
54,82,31,18,49,16,2
47,72,31,19,51,17,2
46,71,30,13,81,12,2
53,83,32,15,65,15,2
40,67,31,14,71,10,2
52,85,34,16,62,16,2
71,112,36,23,54,26,1
63,101,33,20,49,22,1
48,71,33,21,44,20,2
51,76,32,18,53,19,2
56,88,33,20,48,21,2
56,88,32,18,56,18,2
30,57,32,15,61,17,2
51,65,45,9,8,79,2
27,34,45,5,8,56,2
46,65,46,8,9,38,2
37,55,47,7,11,28,2
43,62,50,7,15,14,2
40,52,48,8,12,10,2
40,62,48,12,12,18,2
33,44,47,14,12,24,3
58,46,48,22,12,33,2
37,47,7,26,17,17,3
63,96,11,26,27,52,2
67,97,14,28,28,62,2
62,78,13,25,24,52,2
48,63,12,30,24,51,2
67,102,13,34,26,58,1
58,83,15,28,29,39,2
48,68,12,22,36,34,2
50,65,13,19,44,31,2
40,62,15,20,34,24,2
55,76,14,26,37,34,2
40,54,10,18,31,26,2
24,45,9,15,30,24,3
33,53,10,20,31,29,2
27,47,9,17,34,23,3
27,46,9,19,27,25,3
32,52,13,17,25,20,2
46,69,12,21,35,32,2
44,60,11,24,33,37,2
41,60,14,21,25,38,2
57,77,20,22,24,33,2
40,52,13,18,24,25,2
53,71,13,22,23,40,2
52,70,14,25,17,41,2
50,71,13,25,22,49,2
52,69,11,23,31,51,2
41,58,13,19,26,35,2
53,73,19,22,20,34,2
51,74,13,25,28,34,2
50,65,13,17,28,28,2
53,70,16,18,27,33,2
78,111,58,15,35,44,1
80,109,58,12,30,48,1
71,93,56,13,30,32,2
56,69,58,15,27,58,2
75,112,56,30,21,63,1
59,83,55,18,18,38,2
52,71,55,13,24,19,2
55,82,56,14,29,21,2
43,67,55,11,22,18,2
65,95,56,23,26,27,2
34,55,54,6,14,18,2
34,57,55,18,10,52,2
32,55,54,7,14,19,2
28,52,54,11,11,34,2
36,58,54,9,10,41,2
48,72,54,11,14,24,2
39,59,54,12,15,34,2
35,58,54,11,15,33,2
54,79,54,20,12,60,2
50,68,54,13,11,43,2
54,74,55,18,11,64,2
57,81,54,14,11,39,2
43,63,54,14,15,37,2
46,63,54,13,16,23,2
40,60,54,9,14,28,2
48,63,54,14,9,63,2
50,68,54,16,11,68,2
55,13,54,11,14,27,2
57,16,54,9,14,24,2
83,113,27,27,13,8,1
40,57,56,10,23,16,2
36,59,55,14,22,33,2
31,53,54,7,27,8,2
33,55,55,11,21,26,2
36,57,55,7,21,17,2
49,67,54,6,32,10,2
52,70,55,13,23,27,2
51,64,55,8,20,21,2
62,87,56,10,18,27,2
42,53,55,6,22,6,2
52,70,55,11,18,26,2
54,71,55,8,23,18,2
48,70,55,11,22,26,2
57,76,55,9,27,23,2
51,65,55,8,23,22,2
59,76,55,10,17,47,2
52,73,55,13,24,43,2
55,68,55,5,28,9,2
52,72,55,6,25,12,2
55,83,51,20,17,43,2
56,81,51,16,25,31,2
59,80,51,16,31,20,2
35,56,51,17,16,52,2
61,96,52,30,10,78,2
62,92,52,19,16,65,2
52,69,52,11,19,31,2
47,69,52,12,25,32,2
54,84,52,11,22,43,2
56,82,51,24,17,38,2
20,50,54,11,12,47,2
51,68,58,16,18,53,2
56,77,61,11,31,43,2
44,54,56,11,19,27,2
27,39,57,11,14,52,2
35,54,57,10,16,28,2
37,51,57,8,16,22,2
52,67,58,12,14,32,2
64,89,52,9,13,30,2
53,93,52,4,12,28,2
52,57,52,6,12,27,2
22,54,46,15,24,44,2
49,68,46,12,38,36,2
52,77,45,14,34,44,2
49,52,46,10,27,32,2
50,62,48,13,25,31,2
49,66,49,10,34,41,2
51,58,47,10,24,36,2
30,26,45,8,18,21,3
34,53,46,8,25,25,2
39,49,45,6,20,20,3
55,72,47,10,21,30,2
41,47,48,10,25,24,3
45,54,51,8,16,30,2
45,58,47,11,14,27,2
36,50,46,6,15,14,3
24,26,44,3,17,11,3
20,38,44,5,15,12,3
31,37,45,8,14,14,3
43,56,48,11,14,22,2
39,59,48,9,17,26,2
35,53,45,13,17,30,2
39,67,46,31,14,28,2
25,49,47,19,24,30,3
42,62,57,10,22,20,2
38,55,56,14,16,45,2
46,68,58,9,29,26,2
59,87,59,14,34,29,2
44,55,57,11,19,23,2
29,50,58,6,14,32,2
35,51,59,8,12,44,2
47,58,57,15,12,44,2
21,32,56,8,12,21,2
25,32,54,7,13,18,2
31,48,54,8,13,18,2
21,30,53,6,13,11,2
29,38,53,6,12,14,2
29,41,53,7,13,17,2
40,58,55,9,14,38,2
55,69,59,7,14,43,2
24,23,53,5,16,17,2
39,55,54,15,14,47,2
37,51,53,12,13,48,2
51,64,54,17,13,68,2
25,44,53,8,19,26,2
74,110,10,20,24,10,1
56,80,12,11,27,13,2
54,66,13,7,18,14,2
53,72,13,10,20,15,2
61,62,10,14,17,19,2
51,70,11,10,31,16,2
62,84,10,15,23,19,2
55,76,10,22,21,20,2
61,84,12,14,17,14,2
70,102,12,11,26,13,1
63,81,11,16,17,19,2
37,49,10,11,10,8,3
45,62,10,10,15,13,2
50,64,11,9,16,10,2
58,78,10,12,15,15,2
49,62,11,6,11,9,2
42,56,10,7,8,9,2
53,67,13,13,6,12,2
30,36,24,7,6,8,3
28,46,24,8,7,8,3
50,64,24,8,7,6,2
31,50,24,4,7,3,3
36,58,24,5,9,6,2
46,61,24,6,7,6,2
46,62,25,7,12,8,2
58,77,27,7,16,14,2
38,47,24,5,11,10,3
43,59,24,16,10,14,2
51,63,24,14,11,13,2
71,82,24,23,13,12,2
40,57,25,7,17,15,2
58,99,40,18,55,12,2
40,68,40,9,65,11,2
32,54,39,7,63,10,2
38,59,46,10,55,12,2
30,52,37,15,48,15,2
32,64,39,12,61,14,2
54,81,21,18,35,3,2
43,73,18,11,70,7,2
37,60,12,57,51,6,2
28,20,11,6,43,4,3
25,52,21,8,38,6,2
30,50,19,8,58,6,2
51,81,24,11,55,11,2
23,49,24,5,43,6,3
34,57,39,7,47,8,2
37,56,25,8,39,8,2
16,29,19,6,46,6,3
17,28,33,7,23,6,3
26,51,37,10,18,5,2
14,23,31,9,19,2,3
17,40,31,9,17,3,3
23,44,32,10,17,3,3
36,60,38,12,19,4,2
27,54,37,10,26,9,2
25,28,30,8,35,12,3
46,66,31,18,34,16,2
30,53,29,14,35,14,2
40,63,29,15,37,16,2
22,49,33,9,40,17,3
45,67,15,34,22,3,2
54,70,15,70,14,24,2
51,72,15,68,20,15,2
55,67,15,46,13,22,2
47,67,34,11,20,42,2
58,80,35,15,17,43,2
37,48,43,8,3,56,2
50,66,44,7,11,55,2
42,52,43,10,10,57,2
57,78,43,17,5,54,2
47,60,44,7,6,57,2
56,76,49,13,6,23,2
32,34,45,6,9,76,2
32,45,44,7,8,66,2
81,112,27,26,10,11,1
70,97,27,20,15,8,2
49,70,27,30,13,11,2
86,116,28,34,11,9,1
61,92,28,28,14,12,2
60,83,28,19,19,7,2
55,76,28,20,19,9,2
53,77,28,20,19,11,2
73,96,28,33,14,10,2
45,62,28,17,15,8,2
31,51,28,13,12,5,2
44,61,28,23,9,7,2
37,60,28,15,13,6,2
31,54,28,18,10,6,2
43,64,28,16,11,6,2
51,76,28,17,19,8,2
52,67,28,21,14,10,2
44,64,28,21,12,9,2
69,95,29,22,9,7,2
58,76,28,18,10,6,2
64,83,29,26,9,7,2
63,84,29,23,11,6,2
53,74,28,21,14,8,2
58,79,28,13,12,8,2
56,71,29,12,13,6,2
62,80,29,18,10,3,2
60,80,29,24,14,3,2
60,81,29,13,18,5,2
70,91,29,16,18,6,2
64,104,22,30,76,28,1
72,120,23,35,69,32,1
58,95,24,24,74,27,2
51,77,24,28,62,24,2
74,125,22,31,69,27,1
55,83,24,22,55,15,2
52,77,24,20,71,12,2
45,73,25,18,77,13,2
41,68,27,15,60,10,2
57,85,24,25,62,17,2
35,58,24,17,62,15,2
25,51,22,14,74,8,2
35,61,24,23,62,16,2
28,55,22,15,79,8,2
30,54,23,20,62,14,2
23,53,25,17,60,11,2
41,71,23,18,77,14,2
44,69,23,21,67,18,2
34,61,25,18,57,19,2
57,90,27,25,59,19,2
68,60,23,20,67,15,2
56,85,24,26,56,22,2
56,75,16,21,29,44,2
53,79,12,23,32,41,2
53,66,54,23,12,76,2
50,62,55,10,20,42,2
35,41,54,6,20,31,2
39,55,54,8,22,32,2
30,54,54,9,20,31,2
31,51,54,5,19,19,2
31,46,55,6,19,25,2
24,44,54,4,20,12,2
33,45,55,6,13,24,2
63,86,55,30,14,85,2
46,61,54,10,19,37,2
33,55,54,3,23,14,2
41,58,54,5,22,22,2
37,50,54,4,23,21,2
36,44,54,10,15,36,2
26,32,54,6,18,18,2
45,62,14,30,23,37,2
43,64,17,22,15,37,2
33,51,17,20,22,27,2
34,54,14,19,20,25,2
24,43,13,19,20,22,3
25,38,15,17,17,21,3
23,35,14,17,20,21,3
19,34,13,15,22,15,3
29,30,17,17,19,21,3
53,72,17,27,20,35,2
35,47,12,17,14,21,3
31,50,11,13,21,19,3
42,60,14,15,19,25,2
36,52,12,17,17,29,2
32,44,15,16,22,22,3
23,27,13,13,23,20,3
24,37,14,12,21,16,3
22,35,16,11,20,17,3
29,47,14,13,18,18,3
27,47,13,17,10,16,3
28,51,18,16,11,18,2
24,28,10,17,17,26,3
63,100,15,31,30,47,2
52,71,13,15,38,30,2
44,64,13,16,25,39,2
52,73,13,21,25,37,2
57,77,13,22,17,43,2
62,92,19,22,33,45,2
62,90,16,19,35,50,2
45,16,51,14,15,48,2
49,12,27,34,17,13,3
55,69,25,28,8,6,2
59,72,26,21,8,7,2
46,58,26,21,6,7,2
49,61,26,25,8,5,2
39,56,26,22,6,4,2
27,34,55,6,15,17,2
26,33,55,5,16,17,2
32,46,55,5,17,21,2
26,52,54,6,15,19,2
31,55,55,5,17,19,2
26,34,54,4,19,26,2
70,111,55,22,28,82,1
55,69,55,5,32,19,2
53,66,56,5,33,16,2
63,83,58,8,25,42,2
57,68,56,4,24,19,2
65,90,55,8,40,30,2
69,91,56,11,39,31,2
65,83,59,11,31,33,2
60,82,55,11,33,34,2
46,66,50,14,15,28,2
48,64,50,11,9,20,2
48,57,50,12,5,20,2
43,56,50,14,13,61,2
44,56,50,9,13,62,2
48,61,50,8,9,58,2
38,52,50,6,10,52,2
23,28,49,3,13,34,3
29,25,50,4,12,40,3
54,73,51,21,11,91,2
41,55,52,7,15,38,2
54,68,51,9,16,44,2
23,40,51,8,10,62,2
16,26,51,4,12,53,2
18,21,51,5,10,58,2
22,40,51,5,11,51,2
43,63,51,9,10,75,2
41,62,51,7,10,49,2
50,68,51,8,13,62,2
38,53,51,9,14,40,2
59,99,51,27,21,106,1
54,73,51,10,25,31,2
44,61,51,8,23,29,2
44,68,51,13,19,54,2
57,84,52,15,18,37,2
63,90,51,23,18,72,2
56,16,51,13,20,29,2
37,55,26,18,5,3,2
31,47,26,18,6,2,3
26,39,26,15,6,2,3
30,30,26,16,6,3,3
72,96,26,39,5,8,2
70,78,26,27,8,4,2
37,53,26,17,6,2,2
49,64,26,19,7,4,2
52,65,26,21,6,4,2
38,45,26,21,6,4,3
24,31,26,17,5,3,3
23,31,26,16,5,4,3
30,51,26,17,4,3,2
53,67,27,20,4,3,2
43,59,27,19,3,4,2
48,67,27,21,4,4,2
70,122,27,40,8,11,1
57,78,27,18,11,7,2
50,69,27,17,12,4,2
64,92,27,25,8,9,2
90,128,27,27,12,10,1
74,96,27,23,10,11,2
62,86,27,23,13,9,2
61,82,27,27,13,9,2
52,82,21,29,50,13,2
41,69,23,21,54,21,2
35,54,22,19,51,14,2
33,60,22,18,42,10,2
18,38,21,14,46,6,3
18,34,23,13,49,6,3
22,28,22,13,48,6,3
17,28,22,12,46,4,3
27,41,25,14,45,10,3
56,92,25,36,48,18,2
42,60,20,24,57,9,2
30,56,21,15,51,10,2
40,64,22,17,53,13,2
35,61,21,18,57,16,2
32,45,23,16,43,9,3
21,33,23,14,46,9,3
26,39,23,12,45,7,3
18,39,27,12,41,7,3
21,50,23,14,34,6,3
23,54,22,15,22,5,2
40,65,27,16,31,7,2
31,43,21,17,55,14,2
59,108,23,39,59,19,1
54,83,25,19,74,16,2
42,64,30,18,65,15,2
51,81,25,23,58,22,2
56,86,24,23,59,25,2
63,109,27,26,61,22,1
65,104,27,24,70,26,1
60,87,24,25,68,21,2
57,94,22,28,79,22,2
52,78,23,22,61,20,2
52,78,25,21,70,20,2
49,75,23,22,83,22,2
47,70,30,14,45,13,2
51,75,23,26,59,17,2
49,72,23,20,68,15,2
44,66,24,17,72,12,2
47,75,24,18,73,17,2
47,63,15,19,26,34,2
54,75,14,18,27,30,2
58,85,13,24,30,43,2
62,87,14,24,25,50,2
60,88,14,27,22,47,2
59,82,15,18,26,38,2
64,92,16,20,23,42,2
63,87,19,18,20,47,2
62,93,16,18,22,44,2
56,84,19,12,30,27,2
52,74,18,11,28,27,2
53,75,18,10,28,27,2
52,64,16,8,25,25,2
61,85,18,10,28,39,2
62,78,14,20,26,40,2
65,98,19,17,28,40,2
64,86,17,17,21,39,2
67,97,18,20,18,48,2
63,92,15,17,25,36,2
65,91,17,15,26,32,2
62,97,25,14,23,45,2
65,92,20,12,24,37,2
59,78,20,11,22,32,2
60,74,16,13,19,30,2
39,53,12,15,16,30,2
61,82,26,21,19,38,2
64,92,22,15,25,39,2
67,100,18,14,29,42,2
64,86,19,10,32,36,2
59,85,19,8,29,38,2
70,101,17,10,27,44,1
51,66,55,6,24,13,2
60,79,55,7,24,11,2
59,83,55,8,32,14,2
65,89,55,12,22,24,2
64,94,56,18,20,43,2
69,90,55,10,25,19,2
72,97,55,12,21,27,2
58,70,56,9,19,32,2
49,62,56,9,16,39,2
47,57,55,7,12,40,2
28,39,56,4,16,15,2
23,30,54,5,18,22,2
59,71,55,14,11,68,2
51,62,57,9,11,54,2
32,35,54,9,13,36,2
52,71,48,16,16,21,2
39,53,47,12,10,33,2
33,45,48,9,9,33,3
31,49,48,5,7,17,3
52,74,49,14,12,40,2
61,74,50,16,9,37,2
35,52,48,9,9,28,2
56,75,50,22,8,80,2
49,67,54,9,16,17,2
52,63,51,7,21,8,2
50,68,50,19,14,52,2
50,64,50,12,15,19,2
57,72,52,14,18,187,1
43,55,51,10,20,202,0
64,87,53,19,12,22,2
53,70,52,16,10,12,2
47,63,50,14,15,8,2
50,67,49,17,19,12,2
65,93,50,15,21,13,2
58,79,49,14,20,17,2
59,71,48,12,8,17,2
44,59,49,7,15,14,2
44,62,49,6,13,29,2
37,50,50,7,9,16,3
41,56,49,10,12,29,2
64,88,50,20,14,19,2
47,62,50,10,11,21,2
54,13,50,12,12,41,2
68,90,25,15,18,14,2
50,59,24,10,12,9,2
52,72,49,17,18,37,2
50,62,49,12,19,26,2
33,51,48,10,20,22,2
24,38,46,9,16,14,3
38,67,47,13,18,28,2
47,61,47,9,18,32,2
32,49,49,8,15,22,3
42,60,47,6,15,20,2
51,72,51,6,21,31,2
46,57,51,7,28,20,2
39,57,50,9,23,23,2
33,54,50,7,25,23,2
39,52,51,7,26,28,2
25,38,52,8,26,24,2
57,73,20,28,20,40,2
36,50,16,21,23,23,3
38,55,15,20,24,26,2
46,66,16,24,14,39,2
42,61,16,21,21,31,2
52,73,20,32,24,37,2
56,73,19,22,23,35,2
38,56,16,20,23,29,2
38,57,20,20,12,19,2
26,37,20,16,22,19,3
25,42,13,17,18,24,3
44,63,14,25,16,32,2
43,59,14,21,13,31,2
33,44,13,22,14,29,3
48,62,55,15,16,57,2
36,53,55,9,13,43,2
27,43,54,7,12,21,2
53,71,56,13,17,40,2
44,55,54,10,13,37,2
37,53,56,11,10,48,2
59,73,56,13,14,56,2
58,79,58,9,24,28,2
47,57,55,5,21,20,2
33,53,54,7,17,20,2
34,52,55,7,18,22,2
42,54,54,6,18,29,2
24,40,54,6,20,31,2
43,60,55,10,14,46,2
67,83,56,21,12,80,2
29,32,54,5,16,28,2
44,64,54,8,17,35,2
52,70,55,9,16,37,2
55,81,56,13,24,36,2
32,45,25,4,7,4,3
54,77,25,10,6,5,2
64,74,25,15,6,7,2
40,58,25,6,4,6,2
64,90,25,10,4,4,2
63,85,25,9,6,6,2
61,80,25,4,5,6,2
53,67,25,7,8,6,2
49,62,25,16,8,6,2
53,76,25,24,7,8,2
81,103,25,24,6,11,1
59,74,25,22,6,8,2
57,71,25,21,7,6,2
68,91,26,23,6,9,2
71,94,25,22,7,9,2
70,102,25,24,9,8,1
70,86,25,21,8,9,2
46,61,25,20,7,6,2
54,67,25,18,6,2,2
37,52,25,15,8,3,2
36,52,25,18,7,4,2
70,96,26,28,5,7,2
57,59,25,22,6,6,2
51,82,34,17,33,22,2
47,68,26,18,28,9,2
24,48,25,12,29,10,3
17,24,23,7,27,4,3
35,68,24,15,32,12,2
59,74,25,16,38,14,2
31,52,27,11,25,8,2
40,66,25,11,28,8,2
45,77,37,12,41,18,2
33,60,28,6,46,11,2
46,69,26,14,31,13,2
30,54,24,11,37,12,2
31,54,22,9,39,12,2
32,58,24,11,38,15,2
53,78,23,18,39,26,2
43,67,22,12,32,18,2
31,57,23,11,35,16,2
49,81,22,19,31,23,2
40,69,22,10,36,13,2
55,94,20,12,115,18,1
53,76,21,8,72,14,2
29,58,19,7,59,10,2
28,53,24,9,59,8,2
25,50,30,14,35,9,3
24,41,23,17,45,14,3
54,78,21,27,46,13,2
33,60,22,20,48,18,2
36,57,21,21,54,16,2
65,89,55,8,24,18,2
72,103,55,11,24,19,1
68,103,55,8,23,13,1
64,92,54,7,24,16,2
65,89,54,8,21,16,2
60,81,54,8,21,20,2
68,99,55,9,27,15,2
64,78,55,9,19,17,2
77,115,56,8,20,12,1
72,102,56,12,20,20,1
75,110,56,17,21,29,1
67,95,56,14,22,19,2
71,99,56,12,24,12,2
77,106,57,12,25,16,1
80,106,56,11,24,12,1
71,91,56,10,19,19,2
60,81,56,11,16,20,2
35,55,55,10,14,15,2
59,78,56,17,16,34,2
70,97,56,12,24,15,2
79,106,56,12,22,18,1
67,91,56,9,21,16,2
66,98,57,10,20,15,2
74,107,56,11,24,13,1
45,62,54,8,13,20,2
58,77,54,11,15,24,2
61,76,54,11,17,25,2
52,73,55,12,19,29,2
64,84,55,12,17,34,2
71,94,55,13,19,32,2
67,90,56,13,15,39,2
63,80,55,9,15,31,2
63,75,55,8,13,27,2
64,74,55,14,11,38,2
52,67,55,8,14,22,2
63,73,55,13,11,28,2
67,74,55,17,10,45,2
69,85,55,10,15,20,2
56,71,55,10,18,29,2
60,72,55,11,16,38,2
57,72,56,11,18,36,2
69,84,56,15,15,41,2
67,80,56,14,16,42,2
68,81,56,10,16,37,2
64,72,56,10,13,39,2
65,70,56,13,12,44,2
27,34,55,7,12,38,2
61,70,56,15,12,65,2
59,73,56,13,16,39,2
70,82,55,20,14,36,2
61,19,55,11,12,37,2
61,19,55,12,14,38,2
69,17,13,13,16,22,2
64,88,29,15,19,9,2
68,90,30,23,15,8,2
79,107,30,32,15,13,1
71,97,30,19,17,10,2
78,107,30,22,16,12,1
76,101,30,17,18,10,1
85,111,30,18,13,13,1
74,96,30,13,15,7,2
75,92,30,12,13,7,2
67,85,30,13,11,6,2
62,82,30,15,14,6,2
69,94,30,15,14,10,2
75,98,30,12,12,8,2
82,111,30,13,20,8,1
74,98,30,12,18,9,2
77,105,31,14,18,11,1
69,92,31,17,18,11,2
83,110,31,18,20,10,1
83,107,31,17,20,15,1
84,106,31,16,22,9,1
78,95,31,15,16,8,2
82,95,30,18,10,6,2
41,55,30,12,9,8,2
71,88,30,15,11,8,2
81,104,31,13,22,9,1
81,104,31,14,20,8,1
77,94,31,11,18,7,2
77,100,31,11,19,10,2
91,110,31,13,22,9,1
41,64,23,17,64,13,2
53,81,23,17,62,13,2
58,95,24,18,75,17,2
62,97,26,22,57,27,2
60,97,26,23,58,21,2
56,86,26,18,60,17,2
68,111,28,21,54,26,1
65,107,28,20,58,23,1
66,109,28,22,60,20,1
54,80,26,16,61,12,2
52,82,25,17,65,14,2
56,87,25,23,53,16,2
45,72,24,16,59,11,2
60,101,25,23,61,22,1
59,91,26,23,57,21,2
58,95,26,20,58,15,2
57,96,27,20,63,17,2
62,101,29,21,65,21,1
68,108,28,21,66,21,1
66,80,24,20,60,17,2
57,83,24,22,57,20,2
29,53,25,18,57,17,2
62,94,31,26,57,22,2
60,95,30,22,65,20,2
66,110,27,26,64,26,1
56,87,26,17,62,14,2
54,95,28,18,66,19,2
62,111,28,21,69,22,1
61,101,28,19,62,20,1
57,90,28,17,58,17,2
60,101,27,21,59,22,1
62,90,11,28,31,41,2
55,74,9,26,25,38,2
69,103,12,38,29,51,1
58,78,9,36,26,52,2
53,66,10,28,21,41,2
30,38,8,24,15,24,3
24,41,8,24,24,26,3
31,53,11,23,24,30,2
43,66,8,31,28,49,2
55,77,11,24,32,37,2
64,94,13,32,25,50,2
60,86,11,26,35,43,2
66,93,15,30,23,50,2
59,83,12,27,26,41,2
58,85,15,25,28,40,2
58,92,13,27,28,49,2
59,88,17,26,20,45,2
63,91,17,25,27,40,2
73,102,16,8,22,48,1
67,95,14,5,24,45,2
50,61,11,5,24,40,2
58,76,14,5,26,44,2
63,88,17,6,27,51,2
55,77,16,5,16,42,2
62,88,16,25,22,40,2
63,87,18,23,27,32,2
69,99,14,34,19,50,2
60,79,18,26,31,37,2
58,76,12,35,26,51,2
49,61,16,30,21,36,2
52,66,18,25,23,33,2
50,69,14,28,33,38,2
54,73,9,26,41,42,2
53,72,11,27,32,32,2
63,98,13,24,33,30,2
67,93,15,30,27,46,2
62,87,16,25,24,37,2
62,89,16,26,26,43,2
63,90,15,25,30,41,2
63,89,17,25,27,35,2
57,85,15,26,20,40,2
58,76,20,26,20,34,2
51,65,13,30,23,29,2
56,74,14,25,23,32,2
53,67,12,27,24,33,2
52,74,11,34,22,34,2
41,58,10,24,23,33,2
74,106,56,13,23,18,1
70,98,57,18,20,26,2
48,61,55,10,18,17,2
57,80,56,14,17,26,2
70,97,56,15,21,28,2
62,87,56,12,21,18,2
65,88,57,10,24,14,2
68,94,56,12,22,21,2
61,82,56,9,26,7,2
66,96,57,17,18,30,2
58,99,60,11,19,21,2
58,86,57,21,14,46,2
57,69,56,14,16,38,2
60,77,57,9,18,26,2
55,77,56,10,23,25,2
54,68,55,12,28,26,2
56,77,55,11,22,23,2
57,110,58,12,22,18,1
74,107,57,19,16,36,1
67,94,57,11,22,17,2
75,106,58,14,25,29,1
76,103,57,12,26,20,1
83,104,59,13,20,23,1
67,99,57,15,20,24,2
67,84,57,11,16,20,2
63,76,57,17,12,52,2
74,96,57,10,16,23,2
59,75,57,10,14,21,2
60,82,59,16,12,42,2
55,68,58,17,14,42,2
73,84,55,17,15,36,2
59,61,55,16,15,39,2
54,57,55,12,12,32,2
56,64,55,15,12,39,2
68,78,55,17,14,41,2
51,58,56,10,17,34,2
66,75,56,12,19,34,2
67,78,56,16,16,38,2
71,76,56,13,15,28,2
65,71,55,17,13,45,2
59,59,55,15,14,36,2
53,57,56,16,12,52,2
38,70,56,12,7,53,2
53,80,57,15,10,91,2
44,68,57,11,10,36,2
38,67,56,12,14,35,2
53,81,57,10,15,34,2
92,141,56,26,11,78,1
68,106,56,15,11,51,1
54,88,57,8,17,31,2
64,105,58,12,18,37,1
62,101,57,12,16,38,1
58,92,58,10,14,35,2
62,98,57,12,13,43,2
50,71,57,13,8,76,2
52,75,57,9,11,40,2
50,69,57,18,7,63,2
60,11,59,18,7,83,2
27,10,57,9,10,47,2
97,120,31,13,19,8,1
73,91,31,12,14,12,2
60,71,31,12,12,9,2
87,106,31,13,12,8,1
74,93,31,14,17,10,2
70,85,32,12,16,12,2
79,97,31,13,18,8,2
78,96,32,12,16,14,2
78,92,32,11,16,7,2
84,100,32,12,12,10,2
74,88,31,11,14,7,2
63,70,31,12,7,9,2
61,72,31,12,4,6,2
56,63,40,25,11,16,2
57,76,39,23,15,10,2
87,113,40,31,15,12,1
77,97,40,28,13,16,2
76,92,41,21,15,16,2
78,100,41,24,19,22,2
74,103,40,23,17,18,1
75,91,41,22,14,20,2
69,90,41,25,16,22,2
68,85,40,21,10,17,2
71,80,41,27,8,16,2
73,86,41,20,19,13,2
63,74,40,26,17,9,2
63,76,40,35,15,9,2
51,56,40,24,11,14,2
70,124,28,25,67,26,1
66,112,27,24,70,21,1
43,66,24,18,76,16,2
58,100,24,28,71,25,2
74,128,25,31,71,31,1
52,84,29,18,50,18,2
60,103,27,21,68,22,1
63,109,30,24,58,22,1
60,99,28,20,72,19,2
60,104,28,27,61,25,1
53,88,27,20,73,18,2
56,92,26,27,66,27,2
44,70,29,21,45,19,2
39,69,33,19,53,18,2
46,77,29,23,46,22,2
44,74,28,23,63,23,2
47,77,28,20,53,14,2
67,124,29,25,52,14,1
67,112,30,29,48,22,1
54,88,32,19,48,18,2
64,110,34,23,38,24,1
63,105,32,22,51,19,1
61,97,34,21,35,16,2
60,103,33,22,39,20,1
58,91,35,21,39,18,2
55,84,31,29,29,13,2
47,74,34,18,41,16,2
46,70,35,24,45,19,2
55,87,30,30,46,14,2
38,66,31,22,35,16,2
70,98,57,12,29,31,2
58,84,15,25,23,38,2
60,84,17,24,24,38,2
59,87,13,24,26,35,2
59,79,12,24,29,38,2
63,92,16,25,33,41,2
75,99,23,27,27,44,2
61,83,16,26,28,43,2
59,84,15,27,15,42,2
64,94,17,24,18,37,2
64,102,16,24,29,33,1
63,90,15,23,25,33,2
63,96,16,26,20,44,2
69,105,16,27,21,49,1
61,92,57,15,22,26,2
59,74,58,12,17,26,2
71,103,57,18,21,48,1
59,76,56,21,19,54,2
53,70,57,15,13,48,2
33,47,57,10,10,25,2
35,53,58,15,13,44,2
42,56,58,11,15,23,2
39,65,57,12,19,32,2
62,79,57,10,22,25,2
67,101,57,16,24,40,1
79,109,60,17,24,46,1
65,90,57,14,28,27,2
66,96,57,15,33,32,2
66,96,57,14,31,31,2
71,97,58,13,26,30,2
71,95,58,11,30,17,2
66,89,58,11,26,20,2
67,87,58,11,27,23,2
63,89,57,11,30,16,2
58,78,57,11,39,15,2
64,88,57,11,38,23,2
80,115,59,12,30,37,1
70,92,57,11,36,28,2
64,93,58,11,28,25,2
70,100,58,10,28,22,2
72,104,58,10,33,17,1
67,93,57,9,31,12,2
75,106,58,11,27,27,1
78,110,58,11,30,26,1
56,89,57,13,13,41,2
35,67,57,10,11,37,2
71,106,58,21,12,77,1
46,71,57,15,12,62,2
52,69,58,12,9,57,2
28,50,57,8,6,61,2
22,32,57,11,8,85,2
36,60,58,11,11,66,2
31,58,57,11,10,45,2
51,77,58,7,12,24,2
64,101,58,13,11,31,1
61,98,58,12,17,32,2
68,111,59,19,17,65,1
61,92,58,12,17,33,2
57,90,58,11,17,29,2
54,86,58,9,22,27,2
59,93,58,11,17,29,2
59,88,58,9,18,26,2
53,82,58,8,19,24,2
58,89,58,9,19,28,2
52,81,58,8,20,25,2
51,78,58,8,20,25,2
55,83,59,8,23,25,2
54,82,60,7,22,30,2
45,73,58,7,20,34,2
52,76,58,8,15,38,2
60,91,59,9,19,32,2
62,99,59,9,21,32,2
54,15,59,8,22,33,2
55,16,59,8,21,32,2
62,16,28,26,21,28,2
73,98,40,30,18,14,2
61,71,40,25,15,15,2
77,105,43,36,17,15,1
61,68,51,31,17,16,2
64,65,51,24,12,16,2
51,51,51,20,11,12,2
33,46,51,24,11,14,2
52,63,51,22,21,10,2
46,55,51,22,18,13,2
65,74,51,19,20,12,2
75,107,51,28,26,17,1
79,94,51,26,29,20,2
74,81,51,23,29,20,2
77,97,51,26,19,22,2
76,90,51,21,24,18,2
73,81,51,19,24,17,2
76,84,51,21,25,16,2
70,81,51,20,27,16,2
69,80,51,21,32,17,2
72,81,52,21,34,19,2
77,87,52,21,26,23,2
66,74,51,20,30,19,2
64,79,52,22,25,17,2
75,92,51,20,27,16,2
75,90,51,21,31,15,2
83,97,52,20,31,17,2
80,94,52,23,28,19,2
96,113,52,28,28,20,1
48,74,28,19,45,16,2
66,117,33,27,25,23,1
53,96,34,22,36,20,2
65,112,34,29,25,32,1
59,104,33,25,27,23,1
52,89,35,22,31,20,2
53,99,34,24,37,24,2
57,99,35,25,27,25,2
52,89,37,20,36,17,2
47,93,34,20,53,15,2
51,91,35,19,54,17,2
45,88,33,18,58,13,2
39,82,32,18,61,13,2
47,85,35,18,52,14,2
53,95,38,19,41,16,2
44,84,34,19,47,15,2
53,90,34,20,37,16,2
52,91,36,19,44,16,2
55,104,34,20,54,14,1
44,94,34,20,46,15,2
53,102,33,21,39,19,1
59,112,34,22,42,22,1
